Date,Close
12/1/2015 16:00:00,679.06
12/2/2015 16:00:00,676.01
12/3/2015 16:00:00,666.25
12/4/2015 16:00:00,672.64
12/7/2015 16:00:00,669.83
12/8/2015 16:00:00,677.33
12/9/2015 16:00:00,664.79
12/10/2015 16:00:00,662.32
12/11/2015 16:00:00,640.15
12/14/2015 16:00:00,657.91
12/15/2015 16:00:00,658.64
12/16/2015 16:00:00,675.77
12/17/2015 16:00:00,670.65
12/18/2015 16:00:00,664.14
12/21/2015 16:00:00,664.51
12/22/2015 16:00:00,663.15
12/23/2015 16:00:00,663.7
12/24/2015 16:00:00,662.79
12/28/2015 16:00:00,675.2
12/29/2015 16:00:00,693.97
12/30/2015 16:00:00,689.07
12/31/2015 16:00:00,675.89
1/4/2016 16:00:00,636.99
1/5/2016 16:00:00,633.79
1/6/2016 16:00:00,632.65
1/7/2016 16:00:00,607.94
1/8/2016 16:00:00,607.05
1/11/2016 16:00:00,617.74
1/12/2016 16:00:00,617.89
1/13/2016 16:00:00,581.81
1/14/2016 16:00:00,593
1/15/2016 16:00:00,570.18
1/19/2016 16:00:00,574.48
1/20/2016 16:00:00,571.77
1/21/2016 16:00:00,575.02
1/22/2016 16:00:00,596.38
1/25/2016 16:00:00,596.53
1/26/2016 16:00:00,601.25
1/27/2016 16:00:00,583.35
1/28/2016 16:00:00,635.35
1/29/2016 16:00:00,587
2/1/2016 16:00:00,574.81
2/2/2016 16:00:00,552.1
2/3/2016 16:00:00,531.07
2/4/2016 16:00:00,536.26
2/5/2016 16:00:00,502.13
2/8/2016 16:00:00,488.1
2/9/2016 16:00:00,482.07
2/10/2016 16:00:00,490.48
2/11/2016 16:00:00,503.82
2/12/2016 16:00:00,507.08
2/16/2016 16:00:00,521.1
2/17/2016 16:00:00,534.1
2/18/2016 16:00:00,525
2/19/2016 16:00:00,534.9
2/22/2016 16:00:00,559.5
2/23/2016 16:00:00,552.94
2/24/2016 16:00:00,554.04
2/25/2016 16:00:00,555.15
2/26/2016 16:00:00,555.23
2/29/2016 16:00:00,552.52
3/1/2016 16:00:00,579.04
3/2/2016 16:00:00,580.21
3/3/2016 16:00:00,577.49
3/4/2016 16:00:00,575.14
3/7/2016 16:00:00,562.8
3/8/2016 16:00:00,560.26
3/9/2016 16:00:00,559.47
3/10/2016 16:00:00,558.93
3/11/2016 16:00:00,569.61
3/14/2016 16:00:00,573.37
3/15/2016 16:00:00,577.02
3/16/2016 16:00:00,574.27
3/17/2016 16:00:00,559.44
3/18/2016 16:00:00,552.08
3/21/2016 16:00:00,553.98
3/22/2016 16:00:00,560.48
3/23/2016 16:00:00,569.63
3/24/2016 16:00:00,582.95
3/28/2016 16:00:00,579.87
3/29/2016 16:00:00,593.86
3/30/2016 16:00:00,598.69
3/31/2016 16:00:00,593.64
4/1/2016 16:00:00,598.5
4/4/2016 16:00:00,593.19
4/5/2016 16:00:00,586.14
4/6/2016 16:00:00,602.08
4/7/2016 16:00:00,591.43
4/8/2016 16:00:00,594.6
4/11/2016 16:00:00,595.93
4/12/2016 16:00:00,603.17
4/13/2016 16:00:00,614.82
4/14/2016 16:00:00,620.75
4/15/2016 16:00:00,625.89
4/18/2016 16:00:00,635.35
4/19/2016 16:00:00,627.9
4/20/2016 16:00:00,632.99
4/21/2016 16:00:00,631
4/22/2016 16:00:00,620.5
4/25/2016 16:00:00,626.2
4/26/2016 16:00:00,616.88
4/27/2016 16:00:00,606.57
4/28/2016 16:00:00,602
4/29/2016 16:00:00,659.59
5/2/2016 16:00:00,683.85
5/3/2016 16:00:00,671.32
5/4/2016 16:00:00,670.9
5/5/2016 16:00:00,659.09
5/6/2016 16:00:00,673.95
5/9/2016 16:00:00,679.75
5/10/2016 16:00:00,703.07
5/11/2016 16:00:00,713.23
5/12/2016 16:00:00,717.93
5/13/2016 16:00:00,709.92
5/16/2016 16:00:00,710.66
5/17/2016 16:00:00,695.27
5/18/2016 16:00:00,697.45
5/19/2016 16:00:00,698.52
5/20/2016 16:00:00,702.8
5/23/2016 16:00:00,696.75
5/24/2016 16:00:00,704.2
5/25/2016 16:00:00,708.35
5/26/2016 16:00:00,714.91
5/27/2016 16:00:00,712.24
5/31/2016 16:00:00,722.79
6/1/2016 16:00:00,719.44
6/2/2016 16:00:00,728.24
6/3/2016 16:00:00,725.54
6/6/2016 16:00:00,726.73
6/7/2016 16:00:00,723.74
6/8/2016 16:00:00,726.64
6/9/2016 16:00:00,727.65
6/10/2016 16:00:00,717.91
6/13/2016 16:00:00,715.24
6/14/2016 16:00:00,719.3
6/15/2016 16:00:00,714.26
6/16/2016 16:00:00,717.51
6/17/2016 16:00:00,706.39
6/20/2016 16:00:00,714.01
6/21/2016 16:00:00,715.82
6/22/2016 16:00:00,710.6
6/23/2016 16:00:00,722.08
6/24/2016 16:00:00,698.96
6/27/2016 16:00:00,691.36
6/28/2016 16:00:00,707.95
6/29/2016 16:00:00,715.6
6/30/2016 16:00:00,715.62
7/1/2016 16:00:00,725.68
7/5/2016 16:00:00,728.1
7/6/2016 16:00:00,737.61
7/7/2016 16:00:00,736.57
7/8/2016 16:00:00,745.81
7/11/2016 16:00:00,753.78
7/12/2016 16:00:00,748.21
7/13/2016 16:00:00,742.63
7/14/2016 16:00:00,741.2
7/15/2016 16:00:00,735.44
7/18/2016 16:00:00,736.07
7/19/2016 16:00:00,739.95
7/20/2016 16:00:00,745.72
7/21/2016 16:00:00,744.43
7/22/2016 16:00:00,744.86
7/25/2016 16:00:00,739.61
7/26/2016 16:00:00,735.59
7/27/2016 16:00:00,736.67
7/28/2016 16:00:00,752.61
7/29/2016 16:00:00,758.81
8/1/2016 16:00:00,767.74
8/2/2016 16:00:00,760.58
8/3/2016 16:00:00,754.64
8/4/2016 16:00:00,760.77
8/5/2016 16:00:00,765.98
8/8/2016 16:00:00,766.56
8/9/2016 16:00:00,768.31
8/10/2016 16:00:00,768.56
8/11/2016 16:00:00,771.24
8/12/2016 16:00:00,772.56
8/15/2016 16:00:00,768.49
8/16/2016 16:00:00,764.04
8/17/2016 16:00:00,764.63
8/18/2016 16:00:00,764.46
8/19/2016 16:00:00,757.31
8/22/2016 16:00:00,759.48
8/23/2016 16:00:00,762.45
8/24/2016 16:00:00,757.25
8/25/2016 16:00:00,759.22
8/26/2016 16:00:00,769
8/29/2016 16:00:00,771.29
8/30/2016 16:00:00,767.58
8/31/2016 16:00:00,769.16
9/1/2016 16:00:00,770.62
9/2/2016 16:00:00,772.44
9/6/2016 16:00:00,788.87
9/7/2016 16:00:00,784.48
9/8/2016 16:00:00,784.06
9/9/2016 16:00:00,760.14
9/12/2016 16:00:00,771.49
9/13/2016 16:00:00,761.01
9/14/2016 16:00:00,761.09
9/15/2016 16:00:00,769.69
9/16/2016 16:00:00,778.52
9/19/2016 16:00:00,775.1
9/20/2016 16:00:00,780.22
9/21/2016 16:00:00,789.74
9/22/2016 16:00:00,804.7
9/23/2016 16:00:00,805.75
9/26/2016 16:00:00,799.16
9/27/2016 16:00:00,816.11
9/28/2016 16:00:00,828.72
9/29/2016 16:00:00,829.05
9/30/2016 16:00:00,837.31
10/3/2016 16:00:00,836.74
10/4/2016 16:00:00,834.03
10/5/2016 16:00:00,844.36
10/6/2016 16:00:00,841.66
10/7/2016 16:00:00,839.43
10/10/2016 16:00:00,841.71
10/11/2016 16:00:00,831
10/12/2016 16:00:00,834.09
10/13/2016 16:00:00,829.28
10/14/2016 16:00:00,822.96
10/17/2016 16:00:00,812.95
10/18/2016 16:00:00,817.65
10/19/2016 16:00:00,817.69
10/20/2016 16:00:00,810.32
10/21/2016 16:00:00,818.99
10/24/2016 16:00:00,838.09
10/25/2016 16:00:00,835.18
10/26/2016 16:00:00,822.59
10/27/2016 16:00:00,818.36
10/28/2016 16:00:00,776.32
10/31/2016 16:00:00,789.82
11/1/2016 16:00:00,785.41
11/2/2016 16:00:00,765.56
11/3/2016 16:00:00,767.03
11/4/2016 16:00:00,755.05
11/7/2016 16:00:00,784.93
11/8/2016 16:00:00,787.75
11/9/2016 16:00:00,771.88
11/10/2016 16:00:00,742.38
11/11/2016 16:00:00,739.01
11/14/2016 16:00:00,719.07
11/15/2016 16:00:00,743.24
11/16/2016 16:00:00,746.49
11/17/2016 16:00:00,756.4
11/18/2016 16:00:00,760.16
11/21/2016 16:00:00,780
11/22/2016 16:00:00,785.33
11/23/2016 16:00:00,780.12
11/25/2016 16:00:00,780.37
11/28/2016 16:00:00,766.77
11/29/2016 16:00:00,762.52
11/30/2016 16:00:00,750.57
12/1/2016 16:00:00,743.65
12/2/2016 16:00:00,740.34
12/5/2016 16:00:00,759.36
12/6/2016 16:00:00,764.72
12/7/2016 16:00:00,770.42
12/8/2016 16:00:00,767.33
12/9/2016 16:00:00,768.66
12/12/2016 16:00:00,760.12
12/13/2016 16:00:00,774.34
12/14/2016 16:00:00,768.82
12/15/2016 16:00:00,761
12/16/2016 16:00:00,757.77
12/19/2016 16:00:00,766
12/20/2016 16:00:00,771.22
12/21/2016 16:00:00,770.6
12/22/2016 16:00:00,766.34
12/23/2016 16:00:00,760.59
12/27/2016 16:00:00,771.4
12/28/2016 16:00:00,772.13
12/29/2016 16:00:00,765.15
12/30/2016 16:00:00,749.87
1/3/2017 16:00:00,753.67
1/4/2017 16:00:00,757.18
1/5/2017 16:00:00,780.45
1/6/2017 16:00:00,795.99
1/9/2017 16:00:00,796.92
1/10/2017 16:00:00,795.9
1/11/2017 16:00:00,799.02
1/12/2017 16:00:00,813.64
1/13/2017 16:00:00,817.14
1/17/2017 16:00:00,809.72
1/18/2017 16:00:00,807.48
1/19/2017 16:00:00,809.04
1/20/2017 16:00:00,808.33
1/23/2017 16:00:00,817.88
1/24/2017 16:00:00,822.44
1/25/2017 16:00:00,836.52
1/26/2017 16:00:00,839.15
1/27/2017 16:00:00,835.77
1/30/2017 16:00:00,830.38
1/31/2017 16:00:00,823.48
2/1/2017 16:00:00,832.35
2/2/2017 16:00:00,839.95
2/3/2017 16:00:00,810.2
2/6/2017 16:00:00,807.64
2/7/2017 16:00:00,812.5
2/8/2017 16:00:00,819.71
2/9/2017 16:00:00,821.36
2/10/2017 16:00:00,827.46
2/13/2017 16:00:00,836.53
2/14/2017 16:00:00,836.39
2/15/2017 16:00:00,842.7
2/16/2017 16:00:00,844.14
2/17/2017 16:00:00,845.07
2/21/2017 16:00:00,856.44
2/22/2017 16:00:00,855.61
2/23/2017 16:00:00,852.19
2/24/2017 16:00:00,845.24
2/27/2017 16:00:00,848.64
2/28/2017 16:00:00,845.04
3/1/2017 16:00:00,853.08
3/2/2017 16:00:00,848.91
3/3/2017 16:00:00,849.88
3/6/2017 16:00:00,846.61
3/7/2017 16:00:00,846.02
3/8/2017 16:00:00,850.5
3/9/2017 16:00:00,853
3/10/2017 16:00:00,852.46
3/13/2017 16:00:00,854.59
3/14/2017 16:00:00,852.53
3/15/2017 16:00:00,852.97
3/16/2017 16:00:00,853.42
3/17/2017 16:00:00,852.31
3/20/2017 16:00:00,856.97
3/21/2017 16:00:00,843.2
3/22/2017 16:00:00,848.06
3/23/2017 16:00:00,847.38
3/24/2017 16:00:00,845.61
3/27/2017 16:00:00,846.82
3/28/2017 16:00:00,856
3/29/2017 16:00:00,874.32
3/30/2017 16:00:00,876.34
3/31/2017 16:00:00,886.54
4/3/2017 16:00:00,891.51
4/4/2017 16:00:00,906.83
4/5/2017 16:00:00,909.28
4/6/2017 16:00:00,898.28
4/7/2017 16:00:00,894.88
4/10/2017 16:00:00,907.04
4/11/2017 16:00:00,902.36
4/12/2017 16:00:00,896.23
4/13/2017 16:00:00,884.67
4/17/2017 16:00:00,901.99
4/18/2017 16:00:00,903.78
4/19/2017 16:00:00,899.2
4/20/2017 16:00:00,902.06
4/21/2017 16:00:00,898.53
4/24/2017 16:00:00,907.41
4/25/2017 16:00:00,907.62
4/26/2017 16:00:00,909.29
4/27/2017 16:00:00,918.38
4/28/2017 16:00:00,924.99
5/1/2017 16:00:00,948.23
5/2/2017 16:00:00,946.94
5/3/2017 16:00:00,941.03
5/4/2017 16:00:00,937.53
5/5/2017 16:00:00,934.15
5/8/2017 16:00:00,949.04
5/9/2017 16:00:00,952.82
5/10/2017 16:00:00,948.95
5/11/2017 16:00:00,947.62
5/12/2017 16:00:00,961.35
5/15/2017 16:00:00,957.97
5/16/2017 16:00:00,966.07
5/17/2017 16:00:00,944.76
5/18/2017 16:00:00,958.49
5/19/2017 16:00:00,959.84
5/22/2017 16:00:00,970.67
5/23/2017 16:00:00,971.54
5/24/2017 16:00:00,980.35
5/25/2017 16:00:00,993.38
5/26/2017 16:00:00,995.78
5/30/2017 16:00:00,996.7
5/31/2017 16:00:00,994.62
6/1/2017 16:00:00,995.95
6/2/2017 16:00:00,1006.73
6/5/2017 16:00:00,1011.34
6/6/2017 16:00:00,1003
6/7/2017 16:00:00,1010.07
6/8/2017 16:00:00,1010.27
6/9/2017 16:00:00,978.31
6/12/2017 16:00:00,964.91
6/13/2017 16:00:00,980.79
6/14/2017 16:00:00,976.47
6/15/2017 16:00:00,964.17
6/16/2017 16:00:00,987.71
6/19/2017 16:00:00,995.17
6/20/2017 16:00:00,992.59
6/21/2017 16:00:00,1002.23
6/22/2017 16:00:00,1001.3
6/23/2017 16:00:00,1003.74
6/26/2017 16:00:00,993.98
6/27/2017 16:00:00,976.78
6/28/2017 16:00:00,990.33
6/29/2017 16:00:00,975.93
6/30/2017 16:00:00,968
7/3/2017 16:00:00,953.66
7/5/2017 16:00:00,971.4
7/6/2017 16:00:00,965.14
7/7/2017 16:00:00,978.76
7/10/2017 16:00:00,996.47
7/11/2017 16:00:00,994.13
7/12/2017 16:00:00,1006.51
7/13/2017 16:00:00,1000.63
7/14/2017 16:00:00,1001.81
7/17/2017 16:00:00,1010.04
7/18/2017 16:00:00,1024.45
7/19/2017 16:00:00,1026.87
7/20/2017 16:00:00,1028.7
7/21/2017 16:00:00,1025.67
7/24/2017 16:00:00,1038.95
7/25/2017 16:00:00,1039.87
7/26/2017 16:00:00,1052.8
7/27/2017 16:00:00,1046
7/28/2017 16:00:00,1020.04
7/31/2017 16:00:00,987.78
8/1/2017 16:00:00,996.19
8/2/2017 16:00:00,995.89
8/3/2017 16:00:00,986.92
8/4/2017 16:00:00,987.58
8/7/2017 16:00:00,992.27
8/8/2017 16:00:00,989.84
8/9/2017 16:00:00,982.01
8/10/2017 16:00:00,956.92
8/11/2017 16:00:00,967.99
8/14/2017 16:00:00,983.3
8/15/2017 16:00:00,982.74
8/16/2017 16:00:00,978.18
8/17/2017 16:00:00,960.57
8/18/2017 16:00:00,958.47
8/21/2017 16:00:00,953.29
8/22/2017 16:00:00,966.9
8/23/2017 16:00:00,958
8/24/2017 16:00:00,952.45
8/25/2017 16:00:00,945.26
8/28/2017 16:00:00,946.02
8/29/2017 16:00:00,954.06
8/30/2017 16:00:00,967.59
8/31/2017 16:00:00,980.6
9/1/2017 16:00:00,978.25
9/5/2017 16:00:00,965.27
9/6/2017 16:00:00,967.8
9/7/2017 16:00:00,979.47
9/8/2017 16:00:00,965.9
9/11/2017 16:00:00,977.96
9/12/2017 16:00:00,982.58
9/13/2017 16:00:00,999.6
9/14/2017 16:00:00,992.21
9/15/2017 16:00:00,986.79
9/18/2017 16:00:00,974.19
9/19/2017 16:00:00,969.86
9/20/2017 16:00:00,973.21
9/21/2017 16:00:00,964.65
9/22/2017 16:00:00,955.1
9/25/2017 16:00:00,939.79
9/26/2017 16:00:00,938.6
9/27/2017 16:00:00,950.87
9/28/2017 16:00:00,956.4
9/29/2017 16:00:00,961.35
10/2/2017 16:00:00,959.19
10/3/2017 16:00:00,957.1
10/4/2017 16:00:00,965.45
10/5/2017 16:00:00,980.85
10/6/2017 16:00:00,989.58
10/9/2017 16:00:00,990.99
10/10/2017 16:00:00,987.2
10/11/2017 16:00:00,995
10/12/2017 16:00:00,1000.93
10/13/2017 16:00:00,1002.94
10/16/2017 16:00:00,1006.34
10/17/2017 16:00:00,1009.13
10/18/2017 16:00:00,997
10/19/2017 16:00:00,986.61
10/20/2017 16:00:00,982.91
10/23/2017 16:00:00,966.3
10/24/2017 16:00:00,975.9
10/25/2017 16:00:00,972.91
10/26/2017 16:00:00,972.43
10/27/2017 16:00:00,1100.95
10/30/2017 16:00:00,1110.85
10/31/2017 16:00:00,1105.28
11/1/2017 16:00:00,1103.68
11/2/2017 16:00:00,1094.22
11/3/2017 16:00:00,1111.6
11/6/2017 16:00:00,1120.66
11/7/2017 16:00:00,1123.17
11/8/2017 16:00:00,1132.88
11/9/2017 16:00:00,1129.13
11/10/2017 16:00:00,1125.35
11/13/2017 16:00:00,1129.17
11/14/2017 16:00:00,1136.84
11/15/2017 16:00:00,1126.69
11/16/2017 16:00:00,1137.29
11/17/2017 16:00:00,1129.88
11/20/2017 16:00:00,1126.31
11/21/2017 16:00:00,1139.49
11/22/2017 16:00:00,1156.16
11/24/2017 13:00:00,1186
11/27/2017 16:00:00,1195.83
11/28/2017 16:00:00,1193.6
11/29/2017 16:00:00,1161.27
11/30/2017 16:00:00,1176.75
12/1/2017 16:00:00,1162.35
12/4/2017 16:00:00,1133.95
12/5/2017 16:00:00,1141.57
12/6/2017 16:00:00,1152.35
12/7/2017 16:00:00,1159.79
12/8/2017 16:00:00,1162
12/11/2017 16:00:00,1168.92
12/12/2017 16:00:00,1165.08
12/13/2017 16:00:00,1164.13
12/14/2017 16:00:00,1174.26
12/15/2017 16:00:00,1179.14
12/18/2017 16:00:00,1190.58
12/19/2017 16:00:00,1187.38
12/20/2017 16:00:00,1177.62
12/21/2017 16:00:00,1174.76
12/22/2017 16:00:00,1168.36
12/26/2017 16:00:00,1176.76
12/27/2017 16:00:00,1182.26
12/28/2017 16:00:00,1186.1
12/29/2017 16:00:00,1169.47
1/2/2018 16:00:00,1189.01
1/3/2018 16:00:00,1204.2
1/4/2018 16:00:00,1209.59
1/5/2018 16:00:00,1229.14
1/8/2018 16:00:00,1246.87
1/9/2018 16:00:00,1252.7
1/10/2018 16:00:00,1254.33
1/11/2018 16:00:00,1276.68
1/12/2018 16:00:00,1305.2
1/16/2018 16:00:00,1304.86
1/17/2018 16:00:00,1295
1/18/2018 16:00:00,1293.32
1/19/2018 16:00:00,1294.58
1/22/2018 16:00:00,1327.31
1/23/2018 16:00:00,1362.54
1/24/2018 16:00:00,1357.51
1/25/2018 16:00:00,1377.95
1/26/2018 16:00:00,1402.05
1/29/2018 16:00:00,1417.68
1/30/2018 16:00:00,1437.82
1/31/2018 16:00:00,1450.89
2/1/2018 16:00:00,1390
2/2/2018 16:00:00,1429.95
2/5/2018 16:00:00,1390
2/6/2018 16:00:00,1442.84
2/7/2018 16:00:00,1416.78
2/8/2018 16:00:00,1350.5
2/9/2018 16:00:00,1339.6
2/12/2018 16:00:00,1386.23
2/13/2018 16:00:00,1414.51
2/14/2018 16:00:00,1451.05
2/15/2018 16:00:00,1461.76
2/16/2018 16:00:00,1448.69
2/20/2018 16:00:00,1468.35
2/21/2018 16:00:00,1482.92
2/22/2018 16:00:00,1485.34
2/23/2018 16:00:00,1500
2/26/2018 16:00:00,1521.95
2/27/2018 16:00:00,1511.98
2/28/2018 16:00:00,1512.45
3/1/2018 16:00:00,1493.45
3/2/2018 16:00:00,1500.25
3/5/2018 16:00:00,1523.61
3/6/2018 16:00:00,1537.64
3/7/2018 16:00:00,1545
3/8/2018 16:00:00,1551.86
3/9/2018 16:00:00,1578.89
3/12/2018 16:00:00,1598.39
3/13/2018 16:00:00,1588.18
3/14/2018 16:00:00,1591
3/15/2018 16:00:00,1582.32
3/16/2018 16:00:00,1571.68
3/19/2018 16:00:00,1544.93
3/20/2018 16:00:00,1586.51
3/21/2018 16:00:00,1581.86
3/22/2018 16:00:00,1544.92
3/23/2018 16:00:00,1495.56
3/26/2018 16:00:00,1555.86
3/27/2018 16:00:00,1497.05
3/28/2018 16:00:00,1431.42
3/29/2018 16:00:00,1447.34
4/2/2018 16:00:00,1371.99
4/3/2018 16:00:00,1392.05
4/4/2018 16:00:00,1410.57
4/5/2018 16:00:00,1451.75
4/6/2018 16:00:00,1405.23
4/9/2018 16:00:00,1406.08
4/10/2018 16:00:00,1436.22
4/11/2018 16:00:00,1427.05
4/12/2018 16:00:00,1448.5
4/13/2018 16:00:00,1430.79
4/16/2018 16:00:00,1441.5
4/17/2018 16:00:00,1503.83
4/18/2018 16:00:00,1527.84
4/19/2018 16:00:00,1556.91
4/20/2018 16:00:00,1527.49
4/23/2018 16:00:00,1517.86
4/24/2018 16:00:00,1460.09
4/25/2018 16:00:00,1460.17
4/26/2018 16:00:00,1517.96
4/27/2018 16:00:00,1572.62
4/30/2018 16:00:00,1566.13
5/1/2018 16:00:00,1582.26
5/2/2018 16:00:00,1569.68
5/3/2018 16:00:00,1572.08
5/4/2018 16:00:00,1580.95
5/7/2018 16:00:00,1600.14
5/8/2018 16:00:00,1592.39
5/9/2018 16:00:00,1608
5/10/2018 16:00:00,1609.08
5/11/2018 16:00:00,1602.91
5/14/2018 16:00:00,1601.54
5/15/2018 16:00:00,1576.12
5/16/2018 16:00:00,1587.28
5/17/2018 16:00:00,1581.76
5/18/2018 16:00:00,1574.37
5/21/2018 16:00:00,1585.46
5/22/2018 16:00:00,1581.4
5/23/2018 16:00:00,1601.86
5/24/2018 16:00:00,1603.07
5/25/2018 16:00:00,1610.15
5/29/2018 16:00:00,1612.87
5/30/2018 16:00:00,1624.89
5/31/2018 16:00:00,1629.62
6/1/2018 16:00:00,1641.54
6/4/2018 16:00:00,1665.27
6/5/2018 16:00:00,1696.35
6/6/2018 16:00:00,1695.75
6/7/2018 16:00:00,1689.3
6/8/2018 16:00:00,1683.99
6/11/2018 16:00:00,1689.12
6/12/2018 16:00:00,1698.75
6/13/2018 16:00:00,1704.86
6/14/2018 16:00:00,1723.86
6/15/2018 16:00:00,1715.97
6/18/2018 16:00:00,1723.79
6/19/2018 16:00:00,1734.78
6/20/2018 16:00:00,1750.08
6/21/2018 16:00:00,1730.22
6/22/2018 16:00:00,1715.67
6/25/2018 16:00:00,1663.15
6/26/2018 16:00:00,1691.09
6/27/2018 16:00:00,1660.51
6/28/2018 16:00:00,1701.45
6/29/2018 16:00:00,1699.8
7/2/2018 16:00:00,1713.78
7/3/2018 13:00:00,1693.96
7/5/2018 16:00:00,1699.73
7/6/2018 16:00:00,1710.63
7/9/2018 16:00:00,1739.02
7/10/2018 16:00:00,1743.07
7/11/2018 16:00:00,1755
7/12/2018 16:00:00,1796.62
7/13/2018 16:00:00,1813.03
7/16/2018 16:00:00,1822.49
7/17/2018 16:00:00,1843.93
7/18/2018 16:00:00,1842.92
7/19/2018 16:00:00,1812.97
7/20/2018 16:00:00,1813.7
7/23/2018 16:00:00,1802
7/24/2018 16:00:00,1829.24
7/25/2018 16:00:00,1863.61
7/26/2018 16:00:00,1808
7/27/2018 16:00:00,1817.27
7/30/2018 16:00:00,1779.22
7/31/2018 16:00:00,1777.44
8/1/2018 16:00:00,1797.17
8/2/2018 16:00:00,1834.33
8/3/2018 16:00:00,1823.29
8/6/2018 16:00:00,1847.75
8/7/2018 16:00:00,1862.48
8/8/2018 16:00:00,1886.52
8/9/2018 16:00:00,1898.52
8/10/2018 16:00:00,1886.3
8/13/2018 16:00:00,1896.2
8/14/2018 16:00:00,1919.65
8/15/2018 16:00:00,1882.62
8/16/2018 16:00:00,1886.52
8/17/2018 16:00:00,1882.22
8/20/2018 16:00:00,1876.71
8/21/2018 16:00:00,1883.42
8/22/2018 16:00:00,1904.9
8/23/2018 16:00:00,1902.9
8/24/2018 16:00:00,1905.39
8/27/2018 16:00:00,1927.68
8/28/2018 16:00:00,1932.82
8/29/2018 16:00:00,1998.1
8/30/2018 16:00:00,2002.38
8/31/2018 16:00:00,2012.71
9/4/2018 16:00:00,2039.51
9/5/2018 16:00:00,1994.82
9/6/2018 16:00:00,1958.31
9/7/2018 16:00:00,1952.07
9/10/2018 16:00:00,1939.01
9/11/2018 16:00:00,1987.15
9/12/2018 16:00:00,1990
9/13/2018 16:00:00,1989.87
9/14/2018 16:00:00,1970.19
9/17/2018 16:00:00,1908.03
9/18/2018 16:00:00,1941.05
9/19/2018 16:00:00,1926.42
9/20/2018 16:00:00,1944.3
9/21/2018 16:00:00,1915.01
9/24/2018 16:00:00,1934.36
9/25/2018 16:00:00,1974.55
9/26/2018 16:00:00,1974.85
9/27/2018 16:00:00,2012.98
9/28/2018 16:00:00,2003
10/1/2018 16:00:00,2004.36
10/2/2018 16:00:00,1971.31
10/3/2018 16:00:00,1952.76
10/4/2018 16:00:00,1909.42
10/5/2018 16:00:00,1889.65
10/8/2018 16:00:00,1864.42
10/9/2018 16:00:00,1870.32
10/10/2018 16:00:00,1755.25
10/11/2018 16:00:00,1719.36
10/12/2018 16:00:00,1788.61
10/15/2018 16:00:00,1760.95
10/16/2018 16:00:00,1819.96
10/17/2018 16:00:00,1831.73
10/18/2018 16:00:00,1770.72
10/19/2018 16:00:00,1764.03
10/22/2018 16:00:00,1789.3
10/23/2018 16:00:00,1768.7
10/24/2018 16:00:00,1664.2
10/25/2018 16:00:00,1782.17
10/26/2018 16:00:00,1642.81
10/29/2018 16:00:00,1538.88
10/30/2018 16:00:00,1530.42
10/31/2018 16:00:00,1598.01
11/1/2018 16:00:00,1665.53
11/2/2018 16:00:00,1665.53
11/5/2018 16:00:00,1627.8
11/6/2018 16:00:00,1642.81
11/7/2018 16:00:00,1755.49
11/8/2018 16:00:00,1754.91
11/9/2018 16:00:00,1712.43
11/12/2018 16:00:00,1636.85
11/13/2018 16:00:00,1631.17
11/14/2018 16:00:00,1599.01
11/15/2018 16:00:00,1619.44
11/16/2018 16:00:00,1593.41
11/19/2018 16:00:00,1512.29
11/20/2018 16:00:00,1495.46
11/21/2018 16:00:00,1516.73
11/23/2018 13:00:00,1502.06
11/26/2018 16:00:00,1581.33
11/27/2018 16:00:00,1581.42
11/28/2018 16:00:00,1677.75
11/29/2018 16:00:00,1673.57
11/30/2018 16:00:00,1690.17
12/3/2018 16:00:00,1772.36
12/4/2018 16:00:00,1668.4
12/6/2018 16:00:00,1699.19
12/7/2018 16:00:00,1629.13
12/10/2018 16:00:00,1641.03
12/11/2018 16:00:00,1643.24
12/12/2018 16:00:00,1663.54
12/13/2018 16:00:00,1658.38
12/14/2018 16:00:00,1591.91
12/17/2018 16:00:00,1520.91
12/18/2018 16:00:00,1551.48
12/19/2018 16:00:00,1495.08
12/20/2018 16:00:00,1460.83
12/21/2018 16:00:00,1377.45
12/24/2018 13:00:00,1343.96
12/26/2018 16:00:00,1470.9
12/27/2018 16:00:00,1461.64
12/28/2018 16:00:00,1478.02
12/31/2018 16:00:00,1501.97
1/2/2019 16:00:00,1539.13
1/3/2019 16:00:00,1500.28
1/4/2019 16:00:00,1575.39
1/7/2019 16:00:00,1629.51
1/8/2019 16:00:00,1656.58
1/9/2019 16:00:00,1659.42
1/10/2019 16:00:00,1656.22
1/11/2019 16:00:00,1640.56
1/14/2019 16:00:00,1617.21
1/15/2019 16:00:00,1674.56
1/16/2019 16:00:00,1683.78
1/17/2019 16:00:00,1693.22
1/18/2019 16:00:00,1696.2
1/22/2019 16:00:00,1632.17
1/23/2019 16:00:00,1640.02
1/24/2019 16:00:00,1654.93
1/25/2019 16:00:00,1670.57
1/28/2019 16:00:00,1637.89
1/29/2019 16:00:00,1593.88
1/30/2019 16:00:00,1670.43
1/31/2019 16:00:00,1718.73
2/1/2019 16:00:00,1626.23
2/4/2019 16:00:00,1633.31
2/5/2019 16:00:00,1658.81
2/6/2019 16:00:00,1640.26
2/7/2019 16:00:00,1614.37
2/8/2019 16:00:00,1588.22
2/11/2019 16:00:00,1591
2/12/2019 16:00:00,1638.01
2/13/2019 16:00:00,1640
2/14/2019 16:00:00,1622.65
2/15/2019 16:00:00,1607.95
2/19/2019 16:00:00,1627.58
2/20/2019 16:00:00,1622.1
2/21/2019 16:00:00,1619.44
2/22/2019 16:00:00,1631.56
2/25/2019 16:00:00,1633
2/26/2019 16:00:00,1636.4
2/27/2019 16:00:00,1641.09
2/28/2019 16:00:00,1639.83
3/1/2019 16:00:00,1671.73
3/4/2019 16:00:00,1696.17
3/5/2019 16:00:00,1692.43
3/6/2019 16:00:00,1668.95
3/7/2019 16:00:00,1625.95
3/8/2019 16:00:00,1620.8
3/11/2019 16:00:00,1670.62
3/12/2019 16:00:00,1673.1
3/13/2019 16:00:00,1690.81
3/14/2019 16:00:00,1686.22
3/15/2019 16:00:00,1712.36
3/18/2019 16:00:00,1742.15
3/19/2019 16:00:00,1761.85
3/20/2019 16:00:00,1797.27
3/21/2019 16:00:00,1819.26
3/22/2019 16:00:00,1764.77
3/25/2019 16:00:00,1774.26
3/26/2019 16:00:00,1783.76
3/27/2019 16:00:00,1765.7
3/28/2019 16:00:00,1773.42
3/29/2019 16:00:00,1780.75
4/1/2019 16:00:00,1814.19
4/2/2019 16:00:00,1813.98
4/3/2019 16:00:00,1820.7
4/4/2019 16:00:00,1818.86
4/5/2019 16:00:00,1837.28
4/8/2019 16:00:00,1849.86
4/9/2019 16:00:00,1835.84
4/10/2019 16:00:00,1847.33
4/11/2019 16:00:00,1844.07
4/12/2019 16:00:00,1843.06
4/15/2019 16:00:00,1844.87
4/16/2019 16:00:00,1863.04
4/17/2019 16:00:00,1864.82
4/18/2019 16:00:00,1861.69
4/22/2019 16:00:00,1887.31
4/23/2019 16:00:00,1923.77
4/24/2019 16:00:00,1901.75
4/25/2019 16:00:00,1902.25
4/26/2019 16:00:00,1950.63
4/29/2019 16:00:00,1938.43
4/30/2019 16:00:00,1926.52
5/1/2019 16:00:00,1911.52
5/2/2019 16:00:00,1900.82
5/3/2019 16:00:00,1962.46
5/6/2019 16:00:00,1950.55
5/7/2019 16:00:00,1921
5/8/2019 16:00:00,1917.77
5/9/2019 16:00:00,1899.87
5/10/2019 16:00:00,1889.98
5/13/2019 16:00:00,1822.68
5/14/2019 16:00:00,1840.12
5/15/2019 16:00:00,1871.15
5/16/2019 16:00:00,1907.57
5/17/2019 16:00:00,1869
5/20/2019 16:00:00,1858.97
5/21/2019 16:00:00,1857.52
5/22/2019 16:00:00,1859.68
5/23/2019 16:00:00,1815.48
5/24/2019 16:00:00,1823.28
5/28/2019 16:00:00,1836.43
5/29/2019 16:00:00,1819.19
5/30/2019 16:00:00,1816.32
5/31/2019 16:00:00,1775.07
6/3/2019 16:00:00,1692.69
6/4/2019 16:00:00,1729.56
6/5/2019 16:00:00,1738.5
6/6/2019 16:00:00,1754.36
6/7/2019 16:00:00,1804.03
6/10/2019 16:00:00,1860.63
6/11/2019 16:00:00,1863.7
6/12/2019 16:00:00,1855.32
6/13/2019 16:00:00,1870.3
6/14/2019 16:00:00,1869.67
6/17/2019 16:00:00,1886.03
6/18/2019 16:00:00,1901.37
6/19/2019 16:00:00,1908.79
6/20/2019 16:00:00,1918.19
6/21/2019 16:00:00,1911.3
6/24/2019 16:00:00,1913.9
6/25/2019 16:00:00,1878.27
6/26/2019 16:00:00,1897.83
6/27/2019 16:00:00,1904.28
6/28/2019 16:00:00,1893.63
7/1/2019 16:00:00,1922.19
7/2/2019 16:00:00,1934.31
7/3/2019 13:00:00,1939
7/5/2019 16:00:00,1942.91
7/8/2019 16:00:00,1952.32
7/9/2019 16:00:00,1988.3
7/10/2019 16:00:00,2017.41
7/11/2019 16:00:00,2001.07
7/12/2019 16:00:00,2011
7/15/2019 16:00:00,2020.99
7/16/2019 16:00:00,2009.9
7/17/2019 16:00:00,1992.03
7/18/2019 16:00:00,1977.9
7/19/2019 16:00:00,1964.52
7/22/2019 16:00:00,1985.63
7/23/2019 16:00:00,1994.49
7/24/2019 16:00:00,2000.81
7/25/2019 16:00:00,1973.82
7/26/2019 16:00:00,1943.05
7/29/2019 16:00:00,1912.45
7/30/2019 16:00:00,1898.53
7/31/2019 16:00:00,1866.78
8/1/2019 16:00:00,1855.32
8/2/2019 16:00:00,1823.24
8/5/2019 16:00:00,1765.13
8/6/2019 16:00:00,1787.83
8/7/2019 16:00:00,1793.4
8/8/2019 16:00:00,1832.89
8/9/2019 16:00:00,1807.58
8/12/2019 16:00:00,1784.92
8/13/2019 16:00:00,1824.34
8/14/2019 16:00:00,1762.96
8/15/2019 16:00:00,1776.12
8/16/2019 16:00:00,1792.57
8/19/2019 16:00:00,1816.12
8/20/2019 16:00:00,1801.38
8/21/2019 16:00:00,1823.54
8/22/2019 16:00:00,1805.6
8/23/2019 16:00:00,1749.62
8/26/2019 16:00:00,1768.87
8/27/2019 16:00:00,1761.83
8/28/2019 16:00:00,1764.25
8/29/2019 16:00:00,1786.4
8/30/2019 16:00:00,1776.29
9/3/2019 16:00:00,1789.84
9/4/2019 16:00:00,1800.62
9/5/2019 16:00:00,1840.72
9/6/2019 16:00:00,1833.51
9/9/2019 16:00:00,1831.35
9/10/2019 16:00:00,1820.55
9/11/2019 16:00:00,1822.99
9/12/2019 16:00:00,1843.55
9/13/2019 16:00:00,1839.34
9/16/2019 16:00:00,1807.84
9/17/2019 16:00:00,1822.55
9/18/2019 16:00:00,1817.46
9/19/2019 16:00:00,1821.5
9/20/2019 16:00:00,1794.16
9/23/2019 16:00:00,1785.3
9/24/2019 16:00:00,1741.61
9/25/2019 16:00:00,1768.33
9/26/2019 16:00:00,1739.84
9/27/2019 16:00:00,1725.45
9/30/2019 16:00:00,1735.91
10/1/2019 16:00:00,1735.65
10/2/2019 16:00:00,1713.23
10/3/2019 16:00:00,1724.42
10/4/2019 16:00:00,1739.65
10/7/2019 16:00:00,1732.66
10/8/2019 16:00:00,1705.51
10/9/2019 16:00:00,1721.99
10/10/2019 16:00:00,1720.26
10/11/2019 16:00:00,1731.92
10/14/2019 16:00:00,1736.43
10/15/2019 16:00:00,1767.38
10/16/2019 16:00:00,1777.43
10/17/2019 16:00:00,1787.48
10/18/2019 16:00:00,1757.51
10/21/2019 16:00:00,1785.66
10/22/2019 16:00:00,1765.73
10/23/2019 16:00:00,1762.17
10/24/2019 16:00:00,1780.78
10/25/2019 16:00:00,1761.33
10/28/2019 16:00:00,1777.08
10/29/2019 16:00:00,1762.71
10/30/2019 16:00:00,1779.99
10/31/2019 16:00:00,1776.66
11/1/2019 16:00:00,1791.44
11/4/2019 16:00:00,1804.66
11/5/2019 16:00:00,1801.71
11/6/2019 16:00:00,1795.77
11/7/2019 16:00:00,1788.2
11/8/2019 16:00:00,1785.88
11/11/2019 16:00:00,1771.65
11/12/2019 16:00:00,1778
11/13/2019 16:00:00,1753.11
11/14/2019 16:00:00,1754.6
11/15/2019 16:00:00,1739.49
11/18/2019 16:00:00,1752.53
11/19/2019 16:00:00,1752.79
11/20/2019 16:00:00,1745.53
11/21/2019 16:00:00,1734.71
11/22/2019 16:00:00,1745.72
11/25/2019 16:00:00,1773.84
11/26/2019 16:00:00,1796.94
11/27/2019 16:00:00,1818.51
11/29/2019 13:00:00,1800.8
12/2/2019 16:00:00,1781.6
12/3/2019 16:00:00,1769.96
12/4/2019 16:00:00,1760.69
12/5/2019 16:00:00,1740.48
12/6/2019 16:00:00,1751.6
12/9/2019 16:00:00,1749.51
12/10/2019 16:00:00,1739.21
12/11/2019 16:00:00,1748.72
12/12/2019 16:00:00,1760.33
12/13/2019 16:00:00,1760.94
12/16/2019 16:00:00,1769.21
12/17/2019 16:00:00,1790.66
12/18/2019 16:00:00,1784.03
12/19/2019 16:00:00,1792.28
12/20/2019 16:00:00,1786.5
12/23/2019 16:00:00,1793
12/24/2019 13:00:00,1789.21
12/26/2019 16:00:00,1868.77
12/27/2019 16:00:00,1869.8
12/30/2019 16:00:00,1846.89
12/31/2019 16:00:00,1847.84
1/2/2020 16:00:00,1898.01
1/3/2020 16:00:00,1874.97
1/6/2020 16:00:00,1902.88
1/7/2020 16:00:00,1906.86
1/8/2020 16:00:00,1891.97
1/9/2020 16:00:00,1901.05
1/10/2020 16:00:00,1883.16
1/13/2020 16:00:00,1891.3
1/14/2020 16:00:00,1869.44
1/15/2020 16:00:00,1862.02
1/16/2020 16:00:00,1877.94
1/17/2020 16:00:00,1864.72
1/21/2020 16:00:00,1892
1/22/2020 16:00:00,1887.46
1/23/2020 16:00:00,1884.58
1/24/2020 16:00:00,1861.64
1/27/2020 16:00:00,1828.34
1/28/2020 16:00:00,1853.25
1/29/2020 16:00:00,1858
1/30/2020 16:00:00,1870.68
1/31/2020 16:00:00,2008.72
2/3/2020 16:00:00,2004.2
2/4/2020 16:00:00,2049.67
2/5/2020 16:00:00,2039.87
2/6/2020 16:00:00,2050.23
2/7/2020 16:00:00,2079.28
2/10/2020 16:00:00,2133.91
2/11/2020 16:00:00,2150.8
2/12/2020 16:00:00,2160
2/13/2020 16:00:00,2149.87
2/14/2020 16:00:00,2134.87
2/18/2020 16:00:00,2155.67
2/19/2020 16:00:00,2170.22
2/20/2020 16:00:00,2153.1
2/21/2020 16:00:00,2095.97
2/24/2020 16:00:00,2009.29
2/25/2020 16:00:00,1972.74
2/26/2020 16:00:00,1979.59
2/27/2020 16:00:00,1884.3
2/28/2020 16:00:00,1883.75
3/2/2020 16:00:00,1953.95
3/3/2020 16:00:00,1908.99
3/4/2020 16:00:00,1975.83
3/5/2020 16:00:00,1924.03
3/6/2020 16:00:00,1901.09
3/9/2020 16:00:00,1800.61
3/10/2020 16:00:00,1891.82
3/11/2020 16:00:00,1820.86
3/12/2020 16:00:00,1676.61
3/13/2020 16:00:00,1785
3/16/2020 16:00:00,1689.15
3/17/2020 16:00:00,1807.84
3/18/2020 16:00:00,1830
3/19/2020 16:00:00,1880.93
3/20/2020 16:00:00,1846.09
3/23/2020 16:00:00,1902.83
3/24/2020 16:00:00,1940.1
3/25/2020 16:00:00,1885.84
3/26/2020 16:00:00,1955.49
3/27/2020 16:00:00,1900.1
3/30/2020 16:00:00,1963.95
3/31/2020 16:00:00,1949.72
4/1/2020 16:00:00,1907.7
4/2/2020 16:00:00,1918.83
4/3/2020 16:00:00,1906.59
4/6/2020 16:00:00,1997.59
4/7/2020 16:00:00,2011.6
4/8/2020 16:00:00,2043
4/9/2020 16:00:00,2042.76
4/13/2020 16:00:00,2168.87
4/14/2020 16:00:00,2283.32
4/15/2020 16:00:00,2307.68
4/16/2020 16:00:00,2408.19
4/17/2020 16:00:00,2375
4/20/2020 16:00:00,2393.61
4/21/2020 16:00:00,2328.12
4/22/2020 16:00:00,2363.49
4/23/2020 16:00:00,2399.45
4/24/2020 16:00:00,2410.22
4/27/2020 16:00:00,2376
4/28/2020 16:00:00,2314.08
4/29/2020 16:00:00,2372.71
4/30/2020 16:00:00,2474
5/1/2020 16:00:00,2286.04
5/4/2020 16:00:00,2315.99
5/5/2020 16:00:00,2317.8
5/6/2020 16:00:00,2351.26
5/7/2020 16:00:00,2367.61
5/8/2020 16:00:00,2379.61
5/11/2020 16:00:00,2409
5/12/2020 16:00:00,2356.95
5/13/2020 16:00:00,2367.92
5/14/2020 16:00:00,2388.85
5/15/2020 16:00:00,2409.78
5/18/2020 16:00:00,2426.26
5/19/2020 16:00:00,2449.33
5/20/2020 16:00:00,2497.94
5/21/2020 16:00:00,2446.74
5/22/2020 16:00:00,2436.88
5/26/2020 16:00:00,2421.86
5/27/2020 16:00:00,2410.39
5/28/2020 16:00:00,2401.1
5/29/2020 16:00:00,2442.37
6/1/2020 16:00:00,2471.04
6/2/2020 16:00:00,2472.41
6/3/2020 16:00:00,2478.4
6/4/2020 16:00:00,2460.6
6/5/2020 16:00:00,2483
6/8/2020 16:00:00,2524.06
6/9/2020 16:00:00,2600.86
6/10/2020 16:00:00,2647.45
6/11/2020 16:00:00,2557.96
6/12/2020 16:00:00,2545.02
6/15/2020 16:00:00,2572.68
6/16/2020 16:00:00,2615.27
6/17/2020 16:00:00,2640.98
6/18/2020 16:00:00,2653.98
6/19/2020 16:00:00,2675.01
6/22/2020 16:00:00,2713.82
6/23/2020 16:00:00,2764.41
6/24/2020 16:00:00,2734.4
6/25/2020 16:00:00,2754.58
6/26/2020 16:00:00,2692.87
6/29/2020 16:00:00,2680.38
6/30/2020 16:00:00,2758.82
7/1/2020 16:00:00,2878.7
7/2/2020 16:00:00,2890.3
7/6/2020 16:00:00,3057.04
7/7/2020 16:00:00,3000.12
7/8/2020 16:00:00,3081.11
7/9/2020 16:00:00,3182.63
7/10/2020 16:00:00,3200
7/13/2020 16:00:00,3104
7/14/2020 16:00:00,3084
7/15/2020 16:00:00,3008.87
7/16/2020 16:00:00,2999.9
7/17/2020 16:00:00,2961.97
7/20/2020 16:00:00,3196.84
7/21/2020 16:00:00,3138.29
7/22/2020 16:00:00,3099.91
7/23/2020 16:00:00,2986.55
7/24/2020 16:00:00,3008.91
7/27/2020 16:00:00,3055.21
7/28/2020 16:00:00,3000.33
7/29/2020 16:00:00,3033.53
7/30/2020 16:00:00,3051.88
7/31/2020 16:00:00,3164.68
8/3/2020 16:00:00,3111.89
8/4/2020 16:00:00,3138.83
8/5/2020 16:00:00,3205.03
8/6/2020 16:00:00,3225
8/7/2020 16:00:00,3167.46
8/10/2020 16:00:00,3148.16
8/11/2020 16:00:00,3080.67
8/12/2020 16:00:00,3162.24
8/13/2020 16:00:00,3161.02
8/14/2020 16:00:00,3148.02
8/17/2020 16:00:00,3182.41
8/18/2020 16:00:00,3312.49
8/19/2020 16:00:00,3260.48
8/20/2020 16:00:00,3297.37
8/21/2020 16:00:00,3284.72
8/24/2020 16:00:00,3307.46
8/25/2020 16:00:00,3346.49
8/26/2020 16:00:00,3441.85
8/27/2020 16:00:00,3400
8/28/2020 16:00:00,3401.8
8/31/2020 16:00:00,3450.96
9/1/2020 16:00:00,3499.12
9/2/2020 16:00:00,3531.45
9/3/2020 16:00:00,3368
9/4/2020 16:00:00,3294.62
9/8/2020 16:00:00,3149.84
9/9/2020 16:00:00,3268.61
9/10/2020 16:00:00,3175.11
9/11/2020 16:00:00,3116.22
9/14/2020 16:00:00,3102.97
9/15/2020 16:00:00,3156.13
9/16/2020 16:00:00,3078.1
9/17/2020 16:00:00,3008.73
9/18/2020 16:00:00,2954.91
9/21/2020 16:00:00,2960.47
9/22/2020 16:00:00,3128.99
9/23/2020 16:00:00,2999.86
9/24/2020 16:00:00,3019.79
9/25/2020 16:00:00,3095.13
9/28/2020 16:00:00,3174.05
9/29/2020 16:00:00,3144.88
9/30/2020 16:00:00,3148.73
10/1/2020 16:00:00,3221.26
10/2/2020 16:00:00,3125
10/5/2020 16:00:00,3199.2
10/6/2020 16:00:00,3099.96
10/7/2020 16:00:00,3195.69
10/8/2020 16:00:00,3190.55
10/9/2020 16:00:00,3286.65
10/12/2020 16:00:00,3442.93
10/13/2020 16:00:00,3443.63
10/14/2020 16:00:00,3363.71
10/15/2020 16:00:00,3338.65
10/16/2020 16:00:00,3272.71
10/19/2020 16:00:00,3207.21
10/20/2020 16:00:00,3217.01
10/21/2020 16:00:00,3184.94
10/22/2020 16:00:00,3176.4
10/23/2020 16:00:00,3204.4
10/26/2020 16:00:00,3207.04
10/27/2020 16:00:00,3286.33
10/28/2020 16:00:00,3162.78
10/29/2020 16:00:00,3211.01
10/30/2020 16:00:00,3036.15
11/2/2020 16:00:00,3004.48
11/3/2020 16:00:00,3048.41
11/4/2020 16:00:00,3241.16
11/5/2020 16:00:00,3322
11/6/2020 16:00:00,3311.37
11/9/2020 16:00:00,3143.74
11/10/2020 16:00:00,3035.02
11/11/2020 16:00:00,3137.39
11/12/2020 16:00:00,3110.28
11/13/2020 16:00:00,3128.81
11/16/2020 16:00:00,3131.06
11/17/2020 16:00:00,3135.66
11/18/2020 16:00:00,3105.46
11/19/2020 16:00:00,3117.02
11/20/2020 16:00:00,3099.4
11/23/2020 16:00:00,3098.39
11/24/2020 16:00:00,3118.06
11/25/2020 16:00:00,3185.07
11/27/2020 13:00:00,3195.34
11/30/2020 16:00:00,3168.04
12/1/2020 16:00:00,3220.08
12/2/2020 16:00:00,3203.53
12/3/2020 16:00:00,3186.73
12/4/2020 16:00:00,3162.58
12/7/2020 16:00:00,3158
12/8/2020 16:00:00,3177.29
12/9/2020 16:00:00,3104.2
12/10/2020 16:00:00,3101.49
12/11/2020 16:00:00,3116.42
12/14/2020 16:00:00,3156.97
12/15/2020 16:00:00,3165.12
12/16/2020 16:00:00,3240.96
12/17/2020 16:00:00,3236.08
12/18/2020 16:00:00,3201.65
12/21/2020 16:00:00,3206.18
12/22/2020 16:00:00,3206.52
12/23/2020 16:00:00,3185.27
12/24/2020 13:00:00,3172.69
12/28/2020 16:00:00,3283.96
12/29/2020 16:00:00,3322
12/30/2020 16:00:00,3285.85
12/31/2020 16:00:00,3256.93
1/4/2021 16:00:00,3186.63
1/5/2021 16:00:00,3218.51
1/6/2021 16:00:00,3138.38
1/7/2021 16:00:00,3162.16
1/8/2021 16:00:00,3182.7
1/11/2021 16:00:00,3114.21
1/12/2021 16:00:00,3120.83
1/13/2021 16:00:00,3165.89
1/14/2021 16:00:00,3127.47
1/15/2021 16:00:00,3104.25
1/19/2021 16:00:00,3120.76
1/20/2021 16:00:00,3263.38
1/21/2021 16:00:00,3306.99
1/22/2021 16:00:00,3292.23
1/25/2021 16:00:00,3294
1/26/2021 16:00:00,3326.13
1/27/2021 16:00:00,3232.58
1/28/2021 16:00:00,3237.62
1/29/2021 16:00:00,3206.2
2/1/2021 16:00:00,3342.88
2/2/2021 16:00:00,3380
2/3/2021 16:00:00,3312.53
2/4/2021 16:00:00,3331
2/5/2021 16:00:00,3352.15
2/8/2021 16:00:00,3322.94
2/9/2021 16:00:00,3305
2/10/2021 16:00:00,3286.58
2/11/2021 16:00:00,3262.13
2/12/2021 16:00:00,3277.71
2/16/2021 16:00:00,3268.95
2/17/2021 16:00:00,3308.64
2/18/2021 16:00:00,3328.23
2/19/2021 16:00:00,3249.9
2/22/2021 16:00:00,3180.74
2/23/2021 16:00:00,3194.5
2/24/2021 16:00:00,3159.53
2/25/2021 16:00:00,3057.16
2/26/2021 16:00:00,3092.93
3/1/2021 16:00:00,3146.14
3/2/2021 16:00:00,3094.53
3/3/2021 16:00:00,3005
3/4/2021 16:00:00,2977.57
3/5/2021 16:00:00,3000.46
3/8/2021 16:00:00,2951.95
3/9/2021 16:00:00,3062.85
3/10/2021 16:00:00,3057.64
3/11/2021 16:00:00,3113.59
3/12/2021 16:00:00,3089.49
3/15/2021 16:00:00,3081.68
3/16/2021 16:00:00,3091.86
3/17/2021 16:00:00,3135.73
3/18/2021 16:00:00,3027.99
3/19/2021 16:00:00,3074.96
3/22/2021 16:00:00,3110.87
3/23/2021 16:00:00,3137.5
3/24/2021 16:00:00,3087.07
3/25/2021 16:00:00,3046.26
3/26/2021 16:00:00,3052.03
3/29/2021 16:00:00,3075.73
3/30/2021 16:00:00,3055.29
3/31/2021 16:00:00,3094.08
4/1/2021 16:00:00,3161
4/5/2021 16:00:00,3226.73
4/6/2021 16:00:00,3223.82
4/7/2021 16:00:00,3279.39
4/8/2021 16:00:00,3299.3
4/9/2021 16:00:00,3372.2
4/12/2021 16:00:00,3379.39
4/13/2021 16:00:00,3400
4/14/2021 16:00:00,3333
4/15/2021 16:00:00,3379.09
4/16/2021 16:00:00,3399.44
4/19/2021 16:00:00,3372.01
4/20/2021 16:00:00,3334.69
4/21/2021 16:00:00,3362.02
4/22/2021 16:00:00,3309.04
4/23/2021 16:00:00,3340.88
4/26/2021 16:00:00,3409
4/27/2021 16:00:00,3417.43
4/28/2021 16:00:00,3458.5
4/29/2021 16:00:00,3471.31
4/30/2021 16:00:00,3467.42
5/3/2021 16:00:00,3386.49
5/4/2021 16:00:00,3311.87
5/5/2021 16:00:00,3270.54
5/6/2021 16:00:00,3306.37
5/7/2021 16:00:00,3291.61
5/10/2021 16:00:00,3190.49
5/11/2021 16:00:00,3223.91
5/12/2021 16:00:00,3151.94
5/13/2021 16:00:00,3161.47
5/14/2021 16:00:00,3222.9
5/17/2021 16:00:00,3270.39
5/18/2021 16:00:00,3232.28
5/19/2021 16:00:00,3231.8
5/20/2021 16:00:00,3247.68
5/21/2021 16:00:00,3203.08
5/24/2021 16:00:00,3244.99
5/25/2021 16:00:00,3259.05
5/26/2021 16:00:00,3265.16
5/27/2021 16:00:00,3230.11
5/28/2021 16:00:00,3223.07
6/1/2021 16:00:00,3218.65
6/2/2021 16:00:00,3233.99
6/3/2021 16:00:00,3187.01
6/4/2021 16:00:00,3206.22
6/7/2021 16:00:00,3198.01
6/8/2021 16:00:00,3264.11
6/9/2021 16:00:00,3281.15
6/10/2021 16:00:00,3349.65
6/11/2021 16:00:00,3346.83
6/14/2021 16:00:00,3383.87
6/15/2021 16:00:00,3383.13
6/16/2021 16:00:00,3415.25
6/17/2021 16:00:00,3489.24
6/18/2021 16:00:00,3486.9
6/21/2021 16:00:00,3453.96
6/22/2021 16:00:00,3505.44
6/23/2021 16:00:00,3503.82
6/24/2021 16:00:00,3449.08
6/25/2021 16:00:00,3401.46
6/28/2021 16:00:00,3443.89
6/29/2021 16:00:00,3448.14
6/30/2021 16:00:00,3440.16
7/1/2021 16:00:00,3432.97
7/2/2021 16:00:00,3510.98
7/6/2021 16:00:00,3675.74
7/7/2021 16:00:00,3696.58
7/8/2021 16:00:00,3731.41
7/9/2021 16:00:00,3719.34
7/12/2021 16:00:00,3718.55
7/13/2021 16:00:00,3677.36
7/14/2021 16:00:00,3681.68
7/15/2021 16:00:00,3631.2
7/16/2021 16:00:00,3573.63
7/19/2021 16:00:00,3549.59
7/20/2021 16:00:00,3573.19
7/21/2021 16:00:00,3585.2
7/22/2021 16:00:00,3638.03
7/23/2021 16:00:00,3656.64
7/26/2021 16:00:00,3699.82
7/27/2021 16:00:00,3626.39
7/28/2021 16:00:00,3630.32
7/29/2021 16:00:00,3599.92
7/30/2021 16:00:00,3327.59
8/2/2021 16:00:00,3331.48
8/3/2021 16:00:00,3366.24
8/4/2021 16:00:00,3354.72
8/5/2021 16:00:00,3375.99
8/6/2021 16:00:00,3344.94
8/9/2021 16:00:00,3341.87
8/10/2021 16:00:00,3320.68
8/11/2021 16:00:00,3292.11
8/12/2021 16:00:00,3303.5
8/13/2021 16:00:00,3293.97
8/16/2021 16:00:00,3298.99
8/17/2021 16:00:00,3241.96
8/18/2021 16:00:00,3201.22
8/19/2021 16:00:00,3187.75
8/20/2021 16:00:00,3199.95
8/23/2021 16:00:00,3265.87
8/24/2021 16:00:00,3305.78
8/25/2021 16:00:00,3299.18
8/26/2021 16:00:00,3316
8/27/2021 16:00:00,3349.63
8/30/2021 16:00:00,3421.57
8/31/2021 16:00:00,3470.79
9/1/2021 16:00:00,3479
9/2/2021 16:00:00,3463.12
9/3/2021 16:00:00,3478.05
9/7/2021 16:00:00,3509.29
9/8/2021 16:00:00,3525.5
9/9/2021 16:00:00,3484.16
9/10/2021 16:00:00,3469.15
9/13/2021 16:00:00,3457.17
9/14/2021 16:00:00,3450
9/15/2021 16:00:00,3475.79
9/16/2021 16:00:00,3488.24
9/17/2021 16:00:00,3462.52
9/20/2021 16:00:00,3355.73
9/21/2021 16:00:00,3343.63
9/22/2021 16:00:00,3380.05
9/23/2021 16:00:00,3416
9/24/2021 16:00:00,3425.52
9/27/2021 16:00:00,3405.8
9/28/2021 16:00:00,3315.96
9/29/2021 16:00:00,3301.12
9/30/2021 16:00:00,3285.04
10/1/2021 16:00:00,3283.26
10/4/2021 16:00:00,3189.78
10/5/2021 16:00:00,3221
10/6/2021 16:00:00,3262.01
10/7/2021 16:00:00,3302.43
10/8/2021 16:00:00,3288.62
10/11/2021 16:00:00,3246.3
10/12/2021 16:00:00,3247.33
10/13/2021 16:00:00,3284.28
10/14/2021 16:00:00,3299.86
10/15/2021 16:00:00,3409.02
10/18/2021 16:00:00,3446.74
10/19/2021 16:00:00,3444.15
10/20/2021 16:00:00,3415.06
10/21/2021 16:00:00,3435.01
10/22/2021 16:00:00,3335.55
10/25/2021 16:00:00,3320.37
10/26/2021 16:00:00,3376.07
10/27/2021 16:00:00,3392.49
10/28/2021 16:00:00,3446.57
10/29/2021 16:00:00,3372.43
11/1/2021 16:00:00,3318.11
11/2/2021 16:00:00,3312.75
11/3/2021 16:00:00,3384
11/4/2021 16:00:00,3477
11/5/2021 16:00:00,3518.99
11/8/2021 16:00:00,3488.98
11/9/2021 16:00:00,3576.23
11/10/2021 16:00:00,3482.05
11/11/2021 16:00:00,3472.5
11/12/2021 16:00:00,3525.15
11/15/2021 16:00:00,3545.68
11/16/2021 16:00:00,3540.7
11/17/2021 16:00:00,3549
11/18/2021 16:00:00,3696.06
11/19/2021 16:00:00,3676.57
11/22/2021 16:00:00,3572.57
11/23/2021 16:00:00,3580.04
11/24/2021 16:00:00,3580.41
11/26/2021 13:00:00,3504.56
11/29/2021 16:00:00,3561.57
11/30/2021 16:00:00,3507.07
12/1/2021 16:00:00,3443.72
12/2/2021 16:00:00,3437.36
12/3/2021 16:00:00,3389.79
12/6/2021 16:00:00,3427.37
12/7/2021 16:00:00,3523.29
12/8/2021 16:00:00,3523.16
12/9/2021 16:00:00,3483.42
12/10/2021 16:00:00,3444.24
12/13/2021 16:00:00,3391.35
12/14/2021 16:00:00,3381.83
12/15/2021 16:00:00,3466.3
12/16/2021 16:00:00,3377.42
12/17/2021 16:00:00,3400.35
12/20/2021 16:00:00,3341.58
12/21/2021 16:00:00,3408.34
12/22/2021 16:00:00,3420.74
12/23/2021 16:00:00,3421.37
12/27/2021 16:00:00,3393.39
12/28/2021 16:00:00,3413.22
12/29/2021 16:00:00,3384.02
12/30/2021 16:00:00,3372.89
12/31/2021 16:00:00,3334.34
1/3/2022 16:00:00,3408.09
1/4/2022 16:00:00,3350.44
1/5/2022 16:00:00,3287.14
1/6/2022 16:00:00,3265.08
1/7/2022 16:00:00,3251.08
1/10/2022 16:00:00,3229.72
1/11/2022 16:00:00,3307.24
1/12/2022 16:00:00,3304.14
1/13/2022 16:00:00,3224.28
1/14/2022 16:00:00,3242.76
1/18/2022 16:00:00,3178.35
1/19/2022 16:00:00,3125.98
1/20/2022 16:00:00,3033.35
1/21/2022 16:00:00,2852.86
1/24/2022 16:00:00,2890.88
1/25/2022 16:00:00,2799.72
1/26/2022 16:00:00,2777.45
1/27/2022 16:00:00,2792.75
1/28/2022 16:00:00,2879.56