Date,Close,date
12/1/2015 16:00:00,47.44,12/1/2015
12/2/2015 16:00:00,46.4,12/2/2015
12/3/2015 16:00:00,46.54,12/3/2015
12/4/2015 16:00:00,46.08,12/4/2015
12/7/2015 16:00:00,46.23,12/7/2015
12/8/2015 16:00:00,45.34,12/8/2015
12/9/2015 16:00:00,44.9,12/9/2015
12/10/2015 16:00:00,45.41,12/10/2015
12/11/2015 16:00:00,43.4,12/11/2015
12/14/2015 16:00:00,43.72,12/14/2015
12/15/2015 16:00:00,44.22,12/15/2015
12/16/2015 16:00:00,46.9,12/16/2015
12/17/2015 16:00:00,46.68,12/17/2015
12/18/2015 16:00:00,46.09,12/18/2015
12/21/2015 16:00:00,46.51,12/21/2015
12/22/2015 16:00:00,45.99,12/22/2015
12/23/2015 16:00:00,45.94,12/23/2015
12/24/2015 16:00:00,46.11,12/24/2015
12/28/2015 16:00:00,45.79,12/28/2015
12/29/2015 16:00:00,47.44,12/29/2015
12/30/2015 16:00:00,47.62,12/30/2015
12/31/2015 16:00:00,48,12/31/2015
1/4/2016 16:00:00,44.68,1/4/2016
1/5/2016 16:00:00,44.69,1/5/2016
1/6/2016 16:00:00,43.81,1/6/2016
1/7/2016 16:00:00,43.13,1/7/2016
1/8/2016 16:00:00,42.2,1/8/2016
1/11/2016 16:00:00,41.57,1/11/2016
1/12/2016 16:00:00,41.99,1/12/2016
1/13/2016 16:00:00,40.06,1/13/2016
1/14/2016 16:00:00,41.24,1/14/2016
1/15/2016 16:00:00,41,1/15/2016
1/19/2016 16:00:00,40.94,1/19/2016
1/20/2016 16:00:00,39.74,1/20/2016
1/21/2016 16:00:00,39.99,1/21/2016
1/22/2016 16:00:00,40.51,1/22/2016
1/25/2016 16:00:00,39.28,1/25/2016
1/26/2016 16:00:00,38.71,1/26/2016
1/27/2016 16:00:00,37.61,1/27/2016
1/28/2016 16:00:00,37.94,1/28/2016
1/29/2016 16:00:00,38.24,1/29/2016
2/1/2016 16:00:00,39.39,2/1/2016
2/2/2016 16:00:00,36.56,2/2/2016
2/3/2016 16:00:00,34.7,2/3/2016
2/4/2016 16:00:00,35.07,2/4/2016
2/5/2016 16:00:00,32.52,2/5/2016
2/8/2016 16:00:00,29.6,2/8/2016
2/9/2016 16:00:00,29.65,2/9/2016
2/10/2016 16:00:00,28.73,2/10/2016
2/11/2016 16:00:00,30.09,2/11/2016
2/12/2016 16:00:00,30.21,2/12/2016
2/16/2016 16:00:00,31.03,2/16/2016
2/17/2016 16:00:00,33.74,2/17/2016
2/18/2016 16:00:00,33.35,2/18/2016
2/19/2016 16:00:00,33.32,2/19/2016
2/22/2016 16:00:00,35.55,2/22/2016
2/23/2016 16:00:00,35.44,2/23/2016
2/24/2016 16:00:00,35.8,2/24/2016
2/25/2016 16:00:00,37.49,2/25/2016
2/26/2016 16:00:00,38.07,2/26/2016
2/29/2016 16:00:00,38.39,2/29/2016
3/1/2016 16:00:00,37.27,3/1/2016
3/2/2016 16:00:00,37.67,3/2/2016
3/3/2016 16:00:00,39.15,3/3/2016
3/4/2016 16:00:00,40.21,3/4/2016
3/7/2016 16:00:00,41.06,3/7/2016
3/8/2016 16:00:00,40.52,3/8/2016
3/9/2016 16:00:00,41.74,3/9/2016
3/10/2016 16:00:00,41.04,3/10/2016
3/11/2016 16:00:00,41.5,3/11/2016
3/14/2016 16:00:00,43.03,3/14/2016
3/15/2016 16:00:00,43.67,3/15/2016
3/16/2016 16:00:00,44.39,3/16/2016
3/17/2016 16:00:00,45.28,3/17/2016
3/18/2016 16:00:00,46.55,3/18/2016
3/21/2016 16:00:00,47.66,3/21/2016
3/22/2016 16:00:00,46.85,3/22/2016
3/23/2016 16:00:00,44.52,3/23/2016
3/24/2016 16:00:00,45.55,3/24/2016
3/28/2016 16:00:00,46.05,3/28/2016
3/29/2016 16:00:00,46.03,3/29/2016
3/30/2016 16:00:00,45.38,3/30/2016
3/31/2016 16:00:00,45.95,3/31/2016
4/1/2016 16:00:00,47.52,4/1/2016
4/4/2016 16:00:00,49.4,4/4/2016
4/5/2016 16:00:00,51.09,4/5/2016
4/6/2016 16:00:00,53.08,4/6/2016
4/7/2016 16:00:00,51.44,4/7/2016
4/8/2016 16:00:00,50.01,4/8/2016
4/11/2016 16:00:00,49.98,4/11/2016
4/12/2016 16:00:00,49.56,4/12/2016
4/13/2016 16:00:00,50.91,4/13/2016
4/14/2016 16:00:00,50.37,4/14/2016
4/15/2016 16:00:00,50.9,4/15/2016
4/18/2016 16:00:00,50.78,4/18/2016
4/19/2016 16:00:00,49.47,4/19/2016
4/20/2016 16:00:00,49.99,4/20/2016
4/21/2016 16:00:00,49.66,4/21/2016
4/22/2016 16:00:00,50.75,4/22/2016
4/25/2016 16:00:00,50.36,4/25/2016
4/26/2016 16:00:00,50.75,4/26/2016
4/27/2016 16:00:00,50.29,4/27/2016
4/28/2016 16:00:00,49.54,4/28/2016
4/29/2016 16:00:00,48.15,4/29/2016
5/2/2016 16:00:00,48.36,5/2/2016
5/3/2016 16:00:00,46.46,5/3/2016
5/4/2016 16:00:00,44.51,5/4/2016
5/5/2016 16:00:00,42.31,5/5/2016
5/6/2016 16:00:00,42.99,5/6/2016
5/9/2016 16:00:00,41.78,5/9/2016
5/10/2016 16:00:00,41.74,5/10/2016
5/11/2016 16:00:00,41.79,5/11/2016
5/12/2016 16:00:00,41.46,5/12/2016
5/13/2016 16:00:00,41.52,5/13/2016
5/16/2016 16:00:00,41.66,5/16/2016
5/17/2016 16:00:00,40.93,5/17/2016
5/18/2016 16:00:00,42.23,5/18/2016
5/19/2016 16:00:00,43.04,5/19/2016
5/20/2016 16:00:00,44.06,5/20/2016
5/23/2016 16:00:00,43.24,5/23/2016
5/24/2016 16:00:00,43.58,5/24/2016
5/25/2016 16:00:00,43.92,5/25/2016
5/26/2016 16:00:00,45.02,5/26/2016
5/27/2016 16:00:00,44.61,5/27/2016
5/31/2016 16:00:00,44.65,5/31/2016
6/1/2016 16:00:00,43.91,6/1/2016
6/2/2016 16:00:00,43.79,6/2/2016
6/3/2016 16:00:00,43.8,6/3/2016
6/6/2016 16:00:00,44.14,6/6/2016
6/7/2016 16:00:00,46.47,6/7/2016
6/8/2016 16:00:00,47.1,6/8/2016
6/9/2016 16:00:00,45.87,6/9/2016
6/10/2016 16:00:00,43.76,6/10/2016
6/13/2016 16:00:00,43.57,6/13/2016
6/14/2016 16:00:00,42.99,6/14/2016
6/15/2016 16:00:00,43.54,6/15/2016
6/16/2016 16:00:00,43.59,6/16/2016
6/17/2016 16:00:00,43.09,6/17/2016
6/20/2016 16:00:00,43.94,6/20/2016
6/21/2016 16:00:00,43.92,6/21/2016
6/22/2016 16:00:00,39.33,6/22/2016
6/23/2016 16:00:00,39.28,6/23/2016
6/24/2016 16:00:00,38.63,6/24/2016
6/27/2016 16:00:00,39.71,6/27/2016
6/28/2016 16:00:00,40.36,6/28/2016
6/29/2016 16:00:00,42.04,6/29/2016
6/30/2016 16:00:00,42.46,6/30/2016
7/1/2016 16:00:00,43.3,7/1/2016
7/5/2016 16:00:00,42.8,7/5/2016
7/6/2016 16:00:00,42.89,7/6/2016
7/7/2016 16:00:00,43.19,7/7/2016
7/8/2016 16:00:00,43.36,7/8/2016
7/11/2016 16:00:00,44.96,7/11/2016
7/12/2016 16:00:00,44.93,7/12/2016
7/13/2016 16:00:00,44.51,7/13/2016
7/14/2016 16:00:00,44.31,7/14/2016
7/15/2016 16:00:00,44.08,7/15/2016
7/18/2016 16:00:00,45.25,7/18/2016
7/19/2016 16:00:00,45.05,7/19/2016
7/20/2016 16:00:00,45.67,7/20/2016
7/21/2016 16:00:00,44.1,7/21/2016
7/22/2016 16:00:00,44.45,7/22/2016
7/25/2016 16:00:00,46,7/25/2016
7/26/2016 16:00:00,45.9,7/26/2016
7/27/2016 16:00:00,45.7,7/27/2016
7/28/2016 16:00:00,46.12,7/28/2016
7/29/2016 16:00:00,46.96,7/29/2016
8/1/2016 16:00:00,46,8/1/2016
8/2/2016 16:00:00,45.44,8/2/2016
8/3/2016 16:00:00,45.16,8/3/2016
8/4/2016 16:00:00,46.12,8/4/2016
8/5/2016 16:00:00,46.01,8/5/2016
8/8/2016 16:00:00,45.23,8/8/2016
8/9/2016 16:00:00,45.82,8/9/2016
8/10/2016 16:00:00,45.13,8/10/2016
8/11/2016 16:00:00,44.98,8/11/2016
8/12/2016 16:00:00,45.12,8/12/2016
8/15/2016 16:00:00,45.12,8/15/2016
8/16/2016 16:00:00,44.72,8/16/2016
8/17/2016 16:00:00,44.65,8/17/2016
8/18/2016 16:00:00,44.7,8/18/2016
8/19/2016 16:00:00,45,8/19/2016
8/22/2016 16:00:00,44.59,8/22/2016
8/23/2016 16:00:00,44.97,8/23/2016
8/24/2016 16:00:00,44.52,8/24/2016
8/25/2016 16:00:00,44.19,8/25/2016
8/26/2016 16:00:00,44,8/26/2016
8/29/2016 16:00:00,43.04,8/29/2016
8/30/2016 16:00:00,42.27,8/30/2016
8/31/2016 16:00:00,42.4,8/31/2016
9/1/2016 16:00:00,40.15,9/1/2016
9/2/2016 16:00:00,39.56,9/2/2016
9/6/2016 16:00:00,40.57,9/6/2016
9/7/2016 16:00:00,40.34,9/7/2016
9/8/2016 16:00:00,39.47,9/8/2016
9/9/2016 16:00:00,38.89,9/9/2016
9/12/2016 16:00:00,39.66,9/12/2016
9/13/2016 16:00:00,39.21,9/13/2016
9/14/2016 16:00:00,39.28,9/14/2016
9/15/2016 16:00:00,40.08,9/15/2016
9/16/2016 16:00:00,41.08,9/16/2016
9/19/2016 16:00:00,41.27,9/19/2016
9/20/2016 16:00:00,40.93,9/20/2016
9/21/2016 16:00:00,41.04,9/21/2016
9/22/2016 16:00:00,41.29,9/22/2016
9/23/2016 16:00:00,41.49,9/23/2016
9/26/2016 16:00:00,41.8,9/26/2016
9/27/2016 16:00:00,41.16,9/27/2016
9/28/2016 16:00:00,41.25,9/28/2016
9/29/2016 16:00:00,40.14,9/29/2016
9/30/2016 16:00:00,40.81,9/30/2016
10/3/2016 16:00:00,42.74,10/3/2016
10/4/2016 16:00:00,42.28,10/4/2016
10/5/2016 16:00:00,41.69,10/5/2016
10/6/2016 16:00:00,40.2,10/6/2016
10/7/2016 16:00:00,39.32,10/7/2016
10/10/2016 16:00:00,40.19,10/10/2016
10/11/2016 16:00:00,40.02,10/11/2016
10/12/2016 16:00:00,40.3,10/12/2016
10/13/2016 16:00:00,40.05,10/13/2016
10/14/2016 16:00:00,39.3,10/14/2016
10/17/2016 16:00:00,38.79,10/17/2016
10/18/2016 16:00:00,39.82,10/18/2016
10/19/2016 16:00:00,40.71,10/19/2016
10/20/2016 16:00:00,39.82,10/20/2016
10/21/2016 16:00:00,40.02,10/21/2016
10/24/2016 16:00:00,40.55,10/24/2016
10/25/2016 16:00:00,40.47,10/25/2016
10/26/2016 16:00:00,40.45,10/26/2016
10/27/2016 16:00:00,40.8,10/27/2016
10/28/2016 16:00:00,39.99,10/28/2016
10/31/2016 16:00:00,39.55,10/31/2016
11/1/2016 16:00:00,38.16,11/1/2016
11/2/2016 16:00:00,37.6,11/2/2016
11/3/2016 16:00:00,37.48,11/3/2016
11/4/2016 16:00:00,38.11,11/4/2016
11/7/2016 16:00:00,38.64,11/7/2016
11/8/2016 16:00:00,38.99,11/8/2016
11/9/2016 16:00:00,38.01,11/9/2016
11/10/2016 16:00:00,37.07,11/10/2016
11/11/2016 16:00:00,37.71,11/11/2016
11/14/2016 16:00:00,36.29,11/14/2016
11/15/2016 16:00:00,36.75,11/15/2016
11/16/2016 16:00:00,36.79,11/16/2016
11/17/2016 16:00:00,37.73,11/17/2016
11/18/2016 16:00:00,37,11/18/2016
11/21/2016 16:00:00,36.9,11/21/2016
11/22/2016 16:00:00,38.23,11/22/2016
11/23/2016 16:00:00,38.63,11/23/2016
11/25/2016 16:00:00,39.33,11/25/2016
11/28/2016 16:00:00,39.22,11/28/2016
11/29/2016 16:00:00,37.91,11/29/2016
11/30/2016 16:00:00,37.88,11/30/2016
12/1/2016 16:00:00,36.38,12/1/2016
12/2/2016 16:00:00,36.29,12/2/2016
12/5/2016 16:00:00,37.36,12/5/2016
12/6/2016 16:00:00,37.17,12/6/2016
12/7/2016 16:00:00,38.63,12/7/2016
12/8/2016 16:00:00,38.46,12/8/2016
12/9/2016 16:00:00,38.44,12/9/2016
12/12/2016 16:00:00,38.49,12/12/2016
12/13/2016 16:00:00,39.63,12/13/2016
12/14/2016 16:00:00,39.74,12/14/2016
12/15/2016 16:00:00,39.52,12/15/2016
12/16/2016 16:00:00,40.5,12/16/2016
12/19/2016 16:00:00,40.55,12/19/2016
12/20/2016 16:00:00,41.76,12/20/2016
12/21/2016 16:00:00,41.54,12/21/2016
12/22/2016 16:00:00,41.69,12/22/2016
12/23/2016 16:00:00,42.67,12/23/2016
12/27/2016 16:00:00,43.91,12/27/2016
12/28/2016 16:00:00,43.95,12/28/2016
12/29/2016 16:00:00,42.94,12/29/2016
12/30/2016 16:00:00,42.74,12/30/2016
1/3/2017 16:00:00,43.4,1/3/2017
1/4/2017 16:00:00,45.4,1/4/2017
1/5/2017 16:00:00,45.35,1/5/2017
1/6/2017 16:00:00,45.8,1/6/2017
1/9/2017 16:00:00,46.26,1/9/2017
1/10/2017 16:00:00,45.97,1/10/2017
1/11/2017 16:00:00,45.95,1/11/2017
1/12/2017 16:00:00,45.92,1/12/2017
1/13/2017 16:00:00,47.55,1/13/2017
1/17/2017 16:00:00,47.12,1/17/2017
1/18/2017 16:00:00,47.67,1/18/2017
1/19/2017 16:00:00,48.75,1/19/2017
1/20/2017 16:00:00,48.95,1/20/2017
1/23/2017 16:00:00,49.78,1/23/2017
1/24/2017 16:00:00,50.92,1/24/2017
1/25/2017 16:00:00,50.89,1/25/2017
1/26/2017 16:00:00,50.5,1/26/2017
1/27/2017 16:00:00,50.59,1/27/2017
1/30/2017 16:00:00,50.13,1/30/2017
1/31/2017 16:00:00,50.39,1/31/2017
2/1/2017 16:00:00,49.85,2/1/2017
2/2/2017 16:00:00,50.31,2/2/2017
2/3/2017 16:00:00,50.27,2/3/2017
2/6/2017 16:00:00,51.55,2/6/2017
2/7/2017 16:00:00,51.5,2/7/2017
2/8/2017 16:00:00,52.42,2/8/2017
2/9/2017 16:00:00,53.84,2/9/2017
2/10/2017 16:00:00,53.85,2/10/2017
2/13/2017 16:00:00,56.12,2/13/2017
2/14/2017 16:00:00,56.2,2/14/2017
2/15/2017 16:00:00,55.95,2/15/2017
2/16/2017 16:00:00,53.79,2/16/2017
2/17/2017 16:00:00,54.45,2/17/2017
2/21/2017 16:00:00,55.48,2/21/2017
2/22/2017 16:00:00,54.7,2/22/2017
2/23/2017 16:00:00,51.2,2/23/2017
2/24/2017 16:00:00,51.4,2/24/2017
2/27/2017 16:00:00,49.25,2/27/2017
2/28/2017 16:00:00,50,2/28/2017
3/1/2017 16:00:00,50,3/1/2017
3/2/2017 16:00:00,50.1,3/2/2017
3/3/2017 16:00:00,50.31,3/3/2017
3/6/2017 16:00:00,50.24,3/6/2017
3/7/2017 16:00:00,49.72,3/7/2017
3/8/2017 16:00:00,49.37,3/8/2017
3/9/2017 16:00:00,48.98,3/9/2017
3/10/2017 16:00:00,48.74,3/10/2017
3/13/2017 16:00:00,49.23,3/13/2017
3/14/2017 16:00:00,51.6,3/14/2017
3/15/2017 16:00:00,51.15,3/15/2017
3/16/2017 16:00:00,52.41,3/16/2017
3/17/2017 16:00:00,52.3,3/17/2017
3/20/2017 16:00:00,52.38,3/20/2017
3/21/2017 16:00:00,50.14,3/21/2017
3/22/2017 16:00:00,51,3/22/2017
3/23/2017 16:00:00,50.96,3/23/2017
3/24/2017 16:00:00,52.63,3/24/2017
3/27/2017 16:00:00,54.04,3/27/2017
3/28/2017 16:00:00,55.49,3/28/2017
3/29/2017 16:00:00,55.48,3/29/2017
3/30/2017 16:00:00,55.58,3/30/2017
3/31/2017 16:00:00,55.66,3/31/2017
4/3/2017 16:00:00,59.7,4/3/2017
4/4/2017 16:00:00,60.74,4/4/2017
4/5/2017 16:00:00,59,4/5/2017
4/6/2017 16:00:00,59.74,4/6/2017
4/7/2017 16:00:00,60.51,4/7/2017
4/10/2017 16:00:00,62.48,4/10/2017
4/11/2017 16:00:00,61.74,4/11/2017
4/12/2017 16:00:00,59.37,4/12/2017
4/13/2017 16:00:00,60.8,4/13/2017
4/17/2017 16:00:00,60.29,4/17/2017
4/18/2017 16:00:00,60.05,4/18/2017
4/19/2017 16:00:00,61.1,4/19/2017
4/20/2017 16:00:00,60.5,4/20/2017
4/21/2017 16:00:00,61.12,4/21/2017
4/24/2017 16:00:00,61.61,4/24/2017
4/25/2017 16:00:00,62.76,4/25/2017
4/26/2017 16:00:00,62.03,4/26/2017
4/27/2017 16:00:00,61.73,4/27/2017
4/28/2017 16:00:00,62.81,4/28/2017
5/1/2017 16:00:00,64.57,5/1/2017
5/2/2017 16:00:00,63.78,5/2/2017
5/3/2017 16:00:00,62.2,5/3/2017
5/4/2017 16:00:00,59.09,5/4/2017
5/5/2017 16:00:00,61.67,5/5/2017
5/8/2017 16:00:00,61.44,5/8/2017
5/9/2017 16:00:00,64.25,5/9/2017
5/10/2017 16:00:00,65.04,5/10/2017
5/11/2017 16:00:00,64.62,5/11/2017
5/12/2017 16:00:00,64.96,5/12/2017
5/15/2017 16:00:00,63.18,5/15/2017
5/16/2017 16:00:00,63.4,5/16/2017
5/17/2017 16:00:00,61.22,5/17/2017
5/18/2017 16:00:00,62.61,5/18/2017
5/19/2017 16:00:00,62.17,5/19/2017
5/22/2017 16:00:00,62.07,5/22/2017
5/23/2017 16:00:00,60.77,5/23/2017
5/24/2017 16:00:00,62.04,5/24/2017
5/25/2017 16:00:00,63.37,5/25/2017
5/26/2017 16:00:00,65.03,5/26/2017
5/30/2017 16:00:00,67.02,5/30/2017
5/31/2017 16:00:00,68.2,5/31/2017
6/1/2017 16:00:00,68.07,6/1/2017
6/2/2017 16:00:00,67.97,6/2/2017
6/5/2017 16:00:00,69.46,6/5/2017
6/6/2017 16:00:00,70.57,6/6/2017
6/7/2017 16:00:00,71.93,6/7/2017
6/8/2017 16:00:00,74,6/8/2017
6/9/2017 16:00:00,71.46,6/9/2017
6/12/2017 16:00:00,71.8,6/12/2017
6/13/2017 16:00:00,75.19,6/13/2017
6/14/2017 16:00:00,76.13,6/14/2017
6/15/2017 16:00:00,75.07,6/15/2017
6/16/2017 16:00:00,74.28,6/16/2017
6/19/2017 16:00:00,73.96,6/19/2017
6/20/2017 16:00:00,74.45,6/20/2017
6/21/2017 16:00:00,75.28,6/21/2017
6/22/2017 16:00:00,76.52,6/22/2017
6/23/2017 16:00:00,76.69,6/23/2017
6/26/2017 16:00:00,75.5,6/26/2017
6/27/2017 16:00:00,72.47,6/27/2017
6/28/2017 16:00:00,74.25,6/28/2017
6/29/2017 16:00:00,72.15,6/29/2017
6/30/2017 16:00:00,72.32,6/30/2017
7/3/2017 16:00:00,70.52,7/3/2017
7/5/2017 16:00:00,65.42,7/5/2017
7/6/2017 16:00:00,61.77,7/6/2017
7/7/2017 16:00:00,62.64,7/7/2017
7/10/2017 16:00:00,63.21,7/10/2017
7/11/2017 16:00:00,65.44,7/11/2017
7/12/2017 16:00:00,65.9,7/12/2017
7/13/2017 16:00:00,64.68,7/13/2017
7/14/2017 16:00:00,65.56,7/14/2017
7/17/2017 16:00:00,63.91,7/17/2017
7/18/2017 16:00:00,65.65,7/18/2017
7/19/2017 16:00:00,65.05,7/19/2017
7/20/2017 16:00:00,65.98,7/20/2017
7/21/2017 16:00:00,65.68,7/21/2017
7/24/2017 16:00:00,68.5,7/24/2017
7/25/2017 16:00:00,67.92,7/25/2017
7/26/2017 16:00:00,68.77,7/26/2017
7/27/2017 16:00:00,66.89,7/27/2017
7/28/2017 16:00:00,67.01,7/28/2017
7/31/2017 16:00:00,64.69,7/31/2017
8/1/2017 16:00:00,63.91,8/1/2017
8/2/2017 16:00:00,65.18,8/2/2017
8/3/2017 16:00:00,69.42,8/3/2017
8/4/2017 16:00:00,71.38,8/4/2017
8/7/2017 16:00:00,71.03,8/7/2017
8/8/2017 16:00:00,73.04,8/8/2017
8/9/2017 16:00:00,72.71,8/9/2017
8/10/2017 16:00:00,71.08,8/10/2017
8/11/2017 16:00:00,71.57,8/11/2017
8/14/2017 16:00:00,72.76,8/14/2017
8/15/2017 16:00:00,72.47,8/15/2017
8/16/2017 16:00:00,72.58,8/16/2017
8/17/2017 16:00:00,70.38,8/17/2017
8/18/2017 16:00:00,69.49,8/18/2017
8/21/2017 16:00:00,67.57,8/21/2017
8/22/2017 16:00:00,68.27,8/22/2017
8/23/2017 16:00:00,70.55,8/23/2017
8/24/2017 16:00:00,70.59,8/24/2017
8/25/2017 16:00:00,69.61,8/25/2017
8/28/2017 16:00:00,69.13,8/28/2017
8/29/2017 16:00:00,69.47,8/29/2017
8/30/2017 16:00:00,70.64,8/30/2017
8/31/2017 16:00:00,71.18,8/31/2017
9/1/2017 16:00:00,71.08,9/1/2017
9/5/2017 16:00:00,69.92,9/5/2017
9/6/2017 16:00:00,68.91,9/6/2017
9/7/2017 16:00:00,70.12,9/7/2017
9/8/2017 16:00:00,68.68,9/8/2017
9/11/2017 16:00:00,72.74,9/11/2017
9/12/2017 16:00:00,72.55,9/12/2017
9/13/2017 16:00:00,73.25,9/13/2017
9/14/2017 16:00:00,75.53,9/14/2017
9/15/2017 16:00:00,75.96,9/15/2017
9/18/2017 16:00:00,77,9/18/2017
9/19/2017 16:00:00,75.02,9/19/2017
9/20/2017 16:00:00,74.78,9/20/2017
9/21/2017 16:00:00,73.3,9/21/2017
9/22/2017 16:00:00,70.22,9/22/2017
9/25/2017 16:00:00,69,9/25/2017
9/26/2017 16:00:00,69.05,9/26/2017
9/27/2017 16:00:00,68.19,9/27/2017
9/28/2017 16:00:00,67.92,9/28/2017
9/29/2017 16:00:00,68.22,9/29/2017
10/2/2017 16:00:00,68.31,10/2/2017
10/3/2017 16:00:00,69.63,10/3/2017
10/4/2017 16:00:00,71,10/4/2017
10/5/2017 16:00:00,71.07,10/5/2017
10/6/2017 16:00:00,71.38,10/6/2017
10/9/2017 16:00:00,68.59,10/9/2017
10/10/2017 16:00:00,71.12,10/10/2017
10/11/2017 16:00:00,70.92,10/11/2017
10/12/2017 16:00:00,71.14,10/12/2017
10/13/2017 16:00:00,71.11,10/13/2017
10/16/2017 16:00:00,70.12,10/16/2017
10/17/2017 16:00:00,71.15,10/17/2017
10/18/2017 16:00:00,71.93,10/18/2017
10/19/2017 16:00:00,70.36,10/19/2017
10/20/2017 16:00:00,69.02,10/20/2017
10/23/2017 16:00:00,67.4,10/23/2017
10/24/2017 16:00:00,67.47,10/24/2017
10/25/2017 16:00:00,65.17,10/25/2017
10/26/2017 16:00:00,65.23,10/26/2017
10/27/2017 16:00:00,64.17,10/27/2017
10/30/2017 16:00:00,64.02,10/30/2017
10/31/2017 16:00:00,66.31,10/31/2017
11/1/2017 16:00:00,64.22,11/1/2017
11/2/2017 16:00:00,59.85,11/2/2017
11/3/2017 16:00:00,61.22,11/3/2017
11/6/2017 16:00:00,60.56,11/6/2017
11/7/2017 16:00:00,61.21,11/7/2017
11/8/2017 16:00:00,60.88,11/8/2017
11/9/2017 16:00:00,60.6,11/9/2017
11/10/2017 16:00:00,60.6,11/10/2017
11/13/2017 16:00:00,63.08,11/13/2017
11/14/2017 16:00:00,61.74,11/14/2017
11/15/2017 16:00:00,62.26,11/15/2017
11/16/2017 16:00:00,62.5,11/16/2017
11/17/2017 16:00:00,63.01,11/17/2017
11/20/2017 16:00:00,61.75,11/20/2017
11/21/2017 16:00:00,63.56,11/21/2017
11/22/2017 16:00:00,62.52,11/22/2017
11/24/2017 13:00:00,63.11,11/24/2017
11/27/2017 16:00:00,63.36,11/27/2017
11/28/2017 16:00:00,63.51,11/28/2017
11/29/2017 16:00:00,61.51,11/29/2017
11/30/2017 16:00:00,61.77,11/30/2017
12/1/2017 16:00:00,61.31,12/1/2017
12/4/2017 16:00:00,61.04,12/4/2017
12/5/2017 16:00:00,60.74,12/5/2017
12/6/2017 16:00:00,62.65,12/6/2017
12/7/2017 16:00:00,62.25,12/7/2017
12/8/2017 16:00:00,63.03,12/8/2017
12/11/2017 16:00:00,65.78,12/11/2017
12/12/2017 16:00:00,68.21,12/12/2017
12/13/2017 16:00:00,67.81,12/13/2017
12/14/2017 16:00:00,67.58,12/14/2017
12/15/2017 16:00:00,68.69,12/15/2017
12/18/2017 16:00:00,67.77,12/18/2017
12/19/2017 16:00:00,66.22,12/19/2017
12/20/2017 16:00:00,65.8,12/20/2017
12/21/2017 16:00:00,66.33,12/21/2017
12/22/2017 16:00:00,65.04,12/22/2017
12/26/2017 16:00:00,63.46,12/26/2017
12/27/2017 16:00:00,62.33,12/27/2017
12/28/2017 16:00:00,63.07,12/28/2017
12/29/2017 16:00:00,62.27,12/29/2017
1/2/2018 16:00:00,64.11,1/2/2018
1/3/2018 16:00:00,63.45,1/3/2018
1/4/2018 16:00:00,62.92,1/4/2018
1/5/2018 16:00:00,63.32,1/5/2018
1/8/2018 16:00:00,67.28,1/8/2018
1/9/2018 16:00:00,66.74,1/9/2018
1/10/2018 16:00:00,66.96,1/10/2018
1/11/2018 16:00:00,67.59,1/11/2018
1/12/2018 16:00:00,67.24,1/12/2018
1/16/2018 16:00:00,68.01,1/16/2018
1/17/2018 16:00:00,69.43,1/17/2018
1/18/2018 16:00:00,68.91,1/18/2018
1/19/2018 16:00:00,70,1/19/2018
1/22/2018 16:00:00,70.31,1/22/2018
1/23/2018 16:00:00,70.56,1/23/2018
1/24/2018 16:00:00,69.18,1/24/2018
1/25/2018 16:00:00,67.53,1/25/2018
1/26/2018 16:00:00,68.57,1/26/2018
1/29/2018 16:00:00,69.91,1/29/2018
1/30/2018 16:00:00,69.16,1/30/2018
1/31/2018 16:00:00,70.86,1/31/2018
2/1/2018 16:00:00,69.85,2/1/2018
2/2/2018 16:00:00,68.75,2/2/2018
2/5/2018 16:00:00,66.63,2/5/2018
2/6/2018 16:00:00,66.79,2/6/2018
2/7/2018 16:00:00,69,2/7/2018
2/8/2018 16:00:00,63.05,2/8/2018
2/9/2018 16:00:00,62.08,2/9/2018
2/12/2018 16:00:00,63.15,2/12/2018
2/13/2018 16:00:00,64.73,2/13/2018
2/14/2018 16:00:00,64.46,2/14/2018
2/15/2018 16:00:00,66.81,2/15/2018
2/16/2018 16:00:00,67.1,2/16/2018
2/20/2018 16:00:00,66.95,2/20/2018
2/21/2018 16:00:00,66.66,2/21/2018
2/22/2018 16:00:00,69.23,2/22/2018
2/23/2018 16:00:00,70.41,2/23/2018
2/26/2018 16:00:00,71.48,2/26/2018
2/27/2018 16:00:00,70.2,2/27/2018
2/28/2018 16:00:00,68.61,2/28/2018
3/1/2018 16:00:00,66.19,3/1/2018
3/2/2018 16:00:00,67.02,3/2/2018
3/5/2018 16:00:00,66.67,3/5/2018
3/6/2018 16:00:00,65.64,3/6/2018
3/7/2018 16:00:00,66.46,3/7/2018
3/8/2018 16:00:00,65.82,3/8/2018
3/9/2018 16:00:00,65.43,3/9/2018
3/12/2018 16:00:00,69.1,3/12/2018
3/13/2018 16:00:00,68.37,3/13/2018
3/14/2018 16:00:00,65.33,3/14/2018
3/15/2018 16:00:00,65.12,3/15/2018
3/16/2018 16:00:00,64.27,3/16/2018
3/19/2018 16:00:00,62.71,3/19/2018
3/20/2018 16:00:00,62.11,3/20/2018
3/21/2018 16:00:00,63.31,3/21/2018
3/22/2018 16:00:00,61.82,3/22/2018
3/23/2018 16:00:00,60.31,3/23/2018
3/26/2018 16:00:00,60.84,3/26/2018
3/27/2018 16:00:00,55.84,3/27/2018
3/28/2018 16:00:00,51.56,3/28/2018
3/29/2018 16:00:00,53.23,3/29/2018
4/2/2018 16:00:00,50.5,4/2/2018
4/3/2018 16:00:00,53.51,4/3/2018
4/4/2018 16:00:00,57.39,4/4/2018
4/5/2018 16:00:00,61.14,4/5/2018
4/6/2018 16:00:00,59.86,4/6/2018
4/9/2018 16:00:00,57.93,4/9/2018
4/10/2018 16:00:00,60.94,4/10/2018
4/11/2018 16:00:00,60.19,4/11/2018
4/12/2018 16:00:00,58.82,4/12/2018
4/13/2018 16:00:00,60.07,4/13/2018
4/16/2018 16:00:00,58.24,4/16/2018
4/17/2018 16:00:00,57.54,4/17/2018
4/18/2018 16:00:00,58.67,4/18/2018
4/19/2018 16:00:00,60.02,4/19/2018
4/20/2018 16:00:00,58.05,4/20/2018
4/23/2018 16:00:00,56.67,4/23/2018
4/24/2018 16:00:00,56.69,4/24/2018
4/25/2018 16:00:00,56.14,4/25/2018
4/26/2018 16:00:00,57.1,4/26/2018
4/27/2018 16:00:00,58.82,4/27/2018
4/30/2018 16:00:00,58.78,4/30/2018
5/1/2018 16:00:00,59.98,5/1/2018
5/2/2018 16:00:00,60.23,5/2/2018
5/3/2018 16:00:00,56.89,5/3/2018
5/4/2018 16:00:00,58.82,5/4/2018
5/7/2018 16:00:00,60.55,5/7/2018
5/8/2018 16:00:00,60.39,5/8/2018
5/9/2018 16:00:00,61.37,5/9/2018
5/10/2018 16:00:00,61,5/10/2018
5/11/2018 16:00:00,60.21,5/11/2018
5/14/2018 16:00:00,58.39,5/14/2018
5/15/2018 16:00:00,56.84,5/15/2018
5/16/2018 16:00:00,57.3,5/16/2018
5/17/2018 16:00:00,56.91,5/17/2018
5/18/2018 16:00:00,56.91,5/18/2018
5/21/2018 16:00:00,56.9,5/21/2018
5/22/2018 16:00:00,55,5/22/2018
5/23/2018 16:00:00,55.81,5/23/2018
5/24/2018 16:00:00,55.57,5/24/2018
5/25/2018 16:00:00,55.77,5/25/2018
5/29/2018 16:00:00,56.75,5/29/2018
5/30/2018 16:00:00,58.34,5/30/2018
5/31/2018 16:00:00,56.95,5/31/2018
6/1/2018 16:00:00,58.36,6/1/2018
6/4/2018 16:00:00,59.35,6/4/2018
6/5/2018 16:00:00,58.23,6/5/2018
6/6/2018 16:00:00,63.9,6/6/2018
6/7/2018 16:00:00,63.22,6/7/2018
6/8/2018 16:00:00,63.53,6/8/2018
6/11/2018 16:00:00,66.42,6/11/2018
6/12/2018 16:00:00,68.55,6/12/2018
6/13/2018 16:00:00,68.96,6/13/2018
6/14/2018 16:00:00,71.54,6/14/2018
6/15/2018 16:00:00,71.63,6/15/2018
6/18/2018 16:00:00,74.17,6/18/2018
6/19/2018 16:00:00,70.51,6/19/2018
6/20/2018 16:00:00,72.44,6/20/2018
6/21/2018 16:00:00,69.5,6/21/2018
6/22/2018 16:00:00,66.73,6/22/2018
6/25/2018 16:00:00,66.6,6/25/2018
6/26/2018 16:00:00,68.4,6/26/2018
6/27/2018 16:00:00,68.9,6/27/2018
6/28/2018 16:00:00,69.99,6/28/2018
6/29/2018 16:00:00,68.59,6/29/2018
7/2/2018 16:00:00,67.01,7/2/2018
7/3/2018 13:00:00,62.17,7/3/2018
7/5/2018 16:00:00,61.83,7/5/2018
7/6/2018 16:00:00,61.78,7/6/2018
7/9/2018 16:00:00,63.7,7/9/2018
7/10/2018 16:00:00,64.49,7/10/2018
7/11/2018 16:00:00,63.79,7/11/2018
7/12/2018 16:00:00,63.34,7/12/2018
7/13/2018 16:00:00,63.77,7/13/2018
7/16/2018 16:00:00,62.02,7/16/2018
7/17/2018 16:00:00,64.54,7/17/2018
7/18/2018 16:00:00,64.77,7/18/2018
7/19/2018 16:00:00,64.05,7/19/2018
7/20/2018 16:00:00,62.72,7/20/2018
7/23/2018 16:00:00,60.64,7/23/2018
7/24/2018 16:00:00,59.49,7/24/2018
7/25/2018 16:00:00,61.75,7/25/2018
7/26/2018 16:00:00,61.33,7/26/2018
7/27/2018 16:00:00,59.44,7/27/2018
7/30/2018 16:00:00,58.03,7/30/2018
7/31/2018 16:00:00,59.63,7/31/2018
8/1/2018 16:00:00,60.17,8/1/2018
8/2/2018 16:00:00,69.91,8/2/2018
8/3/2018 16:00:00,69.63,8/3/2018
8/6/2018 16:00:00,68.4,8/6/2018
8/7/2018 16:00:00,75.91,8/7/2018
8/8/2018 16:00:00,74.07,8/8/2018
8/9/2018 16:00:00,70.49,8/9/2018
8/10/2018 16:00:00,71.1,8/10/2018
8/13/2018 16:00:00,71.28,8/13/2018
8/14/2018 16:00:00,69.53,8/14/2018
8/15/2018 16:00:00,67.74,8/15/2018
8/16/2018 16:00:00,67.09,8/16/2018
8/17/2018 16:00:00,61.1,8/17/2018
8/20/2018 16:00:00,61.69,8/20/2018
8/21/2018 16:00:00,64.38,8/21/2018
8/22/2018 16:00:00,64.33,8/22/2018
8/23/2018 16:00:00,64.02,8/23/2018
8/24/2018 16:00:00,64.56,8/24/2018
8/27/2018 16:00:00,63.85,8/27/2018
8/28/2018 16:00:00,62.37,8/28/2018
8/29/2018 16:00:00,61,8/29/2018
8/30/2018 16:00:00,60.63,8/30/2018
8/31/2018 16:00:00,60.33,8/31/2018
9/4/2018 16:00:00,57.79,9/4/2018
9/5/2018 16:00:00,56.15,9/5/2018
9/6/2018 16:00:00,56.19,9/6/2018
9/7/2018 16:00:00,52.65,9/7/2018
9/10/2018 16:00:00,57.1,9/10/2018
9/11/2018 16:00:00,55.89,9/11/2018
9/12/2018 16:00:00,58.11,9/12/2018
9/13/2018 16:00:00,57.89,9/13/2018
9/14/2018 16:00:00,59.04,9/14/2018
9/17/2018 16:00:00,58.97,9/17/2018
9/18/2018 16:00:00,56.99,9/18/2018
9/19/2018 16:00:00,59.8,9/19/2018
9/20/2018 16:00:00,59.67,9/20/2018
9/21/2018 16:00:00,59.82,9/21/2018
9/24/2018 16:00:00,59.94,9/24/2018
9/25/2018 16:00:00,60.2,9/25/2018
9/26/2018 16:00:00,61.92,9/26/2018
9/27/2018 16:00:00,61.5,9/27/2018
9/28/2018 16:00:00,52.95,9/28/2018
10/1/2018 16:00:00,62.14,10/1/2018
10/2/2018 16:00:00,60.2,10/2/2018
10/3/2018 16:00:00,58.96,10/3/2018
10/4/2018 16:00:00,56.37,10/4/2018
10/5/2018 16:00:00,52.39,10/5/2018
10/8/2018 16:00:00,50.11,10/8/2018
10/9/2018 16:00:00,52.56,10/9/2018
10/10/2018 16:00:00,51.38,10/10/2018
10/11/2018 16:00:00,50.45,10/11/2018
10/12/2018 16:00:00,51.76,10/12/2018
10/15/2018 16:00:00,51.92,10/15/2018
10/16/2018 16:00:00,55.32,10/16/2018
10/17/2018 16:00:00,54.36,10/17/2018
10/18/2018 16:00:00,52.78,10/18/2018
10/19/2018 16:00:00,52,10/19/2018
10/22/2018 16:00:00,52.19,10/22/2018
10/23/2018 16:00:00,58.83,10/23/2018
10/24/2018 16:00:00,57.7,10/24/2018
10/25/2018 16:00:00,62.97,10/25/2018
10/26/2018 16:00:00,66.18,10/26/2018
10/29/2018 16:00:00,66.97,10/29/2018
10/30/2018 16:00:00,65.98,10/30/2018
10/31/2018 16:00:00,67.46,10/31/2018
11/1/2018 16:00:00,68.86,11/1/2018
11/2/2018 16:00:00,69.28,11/2/2018
11/5/2018 16:00:00,68.28,11/5/2018
11/6/2018 16:00:00,68.21,11/6/2018
11/7/2018 16:00:00,69.63,11/7/2018
11/8/2018 16:00:00,70.28,11/8/2018
11/9/2018 16:00:00,70.1,11/9/2018
11/12/2018 16:00:00,66.26,11/12/2018
11/13/2018 16:00:00,67.75,11/13/2018
11/14/2018 16:00:00,68.8,11/14/2018
11/15/2018 16:00:00,69.69,11/15/2018
11/16/2018 16:00:00,70.86,11/16/2018
11/19/2018 16:00:00,70.69,11/19/2018
11/20/2018 16:00:00,69.5,11/20/2018
11/21/2018 16:00:00,67.64,11/21/2018
11/23/2018 13:00:00,65.17,11/23/2018
11/26/2018 16:00:00,69.2,11/26/2018
11/27/2018 16:00:00,68.78,11/27/2018
11/28/2018 16:00:00,69.57,11/28/2018
11/29/2018 16:00:00,68.23,11/29/2018
11/30/2018 16:00:00,70.1,11/30/2018
12/3/2018 16:00:00,71.7,12/3/2018
12/4/2018 16:00:00,71.94,12/4/2018
12/6/2018 16:00:00,72.61,12/6/2018
12/7/2018 16:00:00,71.59,12/7/2018
12/10/2018 16:00:00,73.03,12/10/2018
12/11/2018 16:00:00,73.35,12/11/2018
12/12/2018 16:00:00,73.32,12/12/2018
12/13/2018 16:00:00,75.36,12/13/2018
12/14/2018 16:00:00,73.14,12/14/2018
12/17/2018 16:00:00,69.68,12/17/2018
12/18/2018 16:00:00,67.41,12/18/2018
12/19/2018 16:00:00,66.59,12/19/2018
12/20/2018 16:00:00,63.08,12/20/2018
12/21/2018 16:00:00,63.95,12/21/2018
12/24/2018 13:00:00,59.08,12/24/2018
12/26/2018 16:00:00,65.22,12/26/2018
12/27/2018 16:00:00,63.23,12/27/2018
12/28/2018 16:00:00,66.77,12/28/2018
12/31/2018 16:00:00,66.56,12/31/2018
1/2/2019 16:00:00,62.02,1/2/2019
1/3/2019 16:00:00,60.07,1/3/2019
1/4/2019 16:00:00,63.54,1/4/2019
1/7/2019 16:00:00,66.99,1/7/2019
1/8/2019 16:00:00,67.07,1/8/2019
1/9/2019 16:00:00,67.71,1/9/2019
1/10/2019 16:00:00,68.99,1/10/2019
1/11/2019 16:00:00,69.45,1/11/2019
1/14/2019 16:00:00,66.88,1/14/2019
1/15/2019 16:00:00,68.89,1/15/2019
1/16/2019 16:00:00,69.21,1/16/2019
1/17/2019 16:00:00,69.46,1/17/2019
1/18/2019 16:00:00,60.45,1/18/2019
1/22/2019 16:00:00,59.78,1/22/2019
1/23/2019 16:00:00,57.52,1/23/2019
1/24/2019 16:00:00,58.3,1/24/2019
1/25/2019 16:00:00,59.41,1/25/2019
1/28/2019 16:00:00,59.28,1/28/2019
1/29/2019 16:00:00,59.49,1/29/2019
1/30/2019 16:00:00,61.75,1/30/2019
1/31/2019 16:00:00,61.4,1/31/2019
2/1/2019 16:00:00,62.44,2/1/2019
2/4/2019 16:00:00,62.58,2/4/2019
2/5/2019 16:00:00,64.27,2/5/2019
2/6/2019 16:00:00,63.44,2/6/2019
2/7/2019 16:00:00,61.5,2/7/2019
2/8/2019 16:00:00,61.16,2/8/2019
2/11/2019 16:00:00,62.57,2/11/2019
2/12/2019 16:00:00,62.36,2/12/2019
2/13/2019 16:00:00,61.63,2/13/2019
2/14/2019 16:00:00,60.75,2/14/2019
2/15/2019 16:00:00,61.58,2/15/2019
2/19/2019 16:00:00,61.13,2/19/2019
2/20/2019 16:00:00,60.51,2/20/2019
2/21/2019 16:00:00,58.25,2/21/2019
2/22/2019 16:00:00,58.94,2/22/2019
2/25/2019 16:00:00,59.75,2/25/2019
2/26/2019 16:00:00,59.57,2/26/2019
2/27/2019 16:00:00,62.95,2/27/2019
2/28/2019 16:00:00,63.98,2/28/2019
3/1/2019 16:00:00,58.96,3/1/2019
3/4/2019 16:00:00,57.07,3/4/2019
3/5/2019 16:00:00,55.31,3/5/2019
3/6/2019 16:00:00,55.25,3/6/2019
3/7/2019 16:00:00,55.32,3/7/2019
3/8/2019 16:00:00,56.83,3/8/2019
3/11/2019 16:00:00,58.18,3/11/2019
3/12/2019 16:00:00,56.67,3/12/2019
3/13/2019 16:00:00,57.79,3/13/2019
3/14/2019 16:00:00,57.99,3/14/2019
3/15/2019 16:00:00,55.09,3/15/2019
3/18/2019 16:00:00,53.9,3/18/2019
3/19/2019 16:00:00,53.49,3/19/2019
3/20/2019 16:00:00,54.72,3/20/2019
3/21/2019 16:00:00,54.8,3/21/2019
3/22/2019 16:00:00,52.91,3/22/2019
3/25/2019 16:00:00,52.08,3/25/2019
3/26/2019 16:00:00,53.55,3/26/2019
3/27/2019 16:00:00,54.97,3/27/2019
3/28/2019 16:00:00,55.72,3/28/2019
3/29/2019 16:00:00,55.97,3/29/2019
4/1/2019 16:00:00,57.84,4/1/2019
4/2/2019 16:00:00,57.18,4/2/2019
4/3/2019 16:00:00,58.36,4/3/2019
4/4/2019 16:00:00,53.56,4/4/2019
4/5/2019 16:00:00,54.99,4/5/2019
4/8/2019 16:00:00,54.64,4/8/2019
4/9/2019 16:00:00,54.46,4/9/2019
4/10/2019 16:00:00,55.21,4/10/2019
4/11/2019 16:00:00,53.68,4/11/2019
4/12/2019 16:00:00,53.54,4/12/2019
4/15/2019 16:00:00,53.28,4/15/2019
4/16/2019 16:00:00,54.67,4/16/2019
4/17/2019 16:00:00,54.25,4/17/2019
4/18/2019 16:00:00,54.65,4/18/2019
4/22/2019 16:00:00,52.55,4/22/2019
4/23/2019 16:00:00,52.78,4/23/2019
4/24/2019 16:00:00,51.73,4/24/2019
4/25/2019 16:00:00,49.53,4/25/2019
4/26/2019 16:00:00,47.03,4/26/2019
4/29/2019 16:00:00,48.29,4/29/2019
4/30/2019 16:00:00,47.74,4/30/2019
5/1/2019 16:00:00,46.8,5/1/2019
5/2/2019 16:00:00,48.82,5/2/2019
5/3/2019 16:00:00,51.01,5/3/2019
5/6/2019 16:00:00,51.07,5/6/2019
5/7/2019 16:00:00,49.41,5/7/2019
5/8/2019 16:00:00,48.97,5/8/2019
5/9/2019 16:00:00,48.4,5/9/2019
5/10/2019 16:00:00,47.9,5/10/2019
5/13/2019 16:00:00,45.4,5/13/2019
5/14/2019 16:00:00,46.46,5/14/2019
5/15/2019 16:00:00,46.39,5/15/2019
5/16/2019 16:00:00,45.67,5/16/2019
5/17/2019 16:00:00,42.21,5/17/2019
5/20/2019 16:00:00,41.07,5/20/2019
5/21/2019 16:00:00,41.02,5/21/2019
5/22/2019 16:00:00,38.55,5/22/2019
5/23/2019 16:00:00,39.1,5/23/2019
5/24/2019 16:00:00,38.13,5/24/2019
5/28/2019 16:00:00,37.74,5/28/2019
5/29/2019 16:00:00,37.97,5/29/2019
5/30/2019 16:00:00,37.64,5/30/2019
5/31/2019 16:00:00,37.03,5/31/2019
6/3/2019 16:00:00,35.79,6/3/2019
6/4/2019 16:00:00,38.72,6/4/2019
6/5/2019 16:00:00,39.32,6/5/2019
6/6/2019 16:00:00,41.19,6/6/2019
6/7/2019 16:00:00,40.9,6/7/2019
6/10/2019 16:00:00,42.58,6/10/2019
6/11/2019 16:00:00,43.42,6/11/2019
6/12/2019 16:00:00,41.85,6/12/2019
6/13/2019 16:00:00,42.78,6/13/2019
6/14/2019 16:00:00,42.98,6/14/2019
6/17/2019 16:00:00,45.01,6/17/2019
6/18/2019 16:00:00,44.95,6/18/2019
6/19/2019 16:00:00,45.29,6/19/2019
6/20/2019 16:00:00,43.92,6/20/2019
6/21/2019 16:00:00,44.37,6/21/2019
6/24/2019 16:00:00,44.73,6/24/2019
6/25/2019 16:00:00,43.95,6/25/2019
6/26/2019 16:00:00,43.85,6/26/2019
6/27/2019 16:00:00,44.57,6/27/2019
6/28/2019 16:00:00,44.69,6/28/2019
7/1/2019 16:00:00,45.43,7/1/2019
7/2/2019 16:00:00,44.91,7/2/2019
7/3/2019 13:00:00,46.98,7/3/2019
7/5/2019 16:00:00,46.62,7/5/2019
7/8/2019 16:00:00,46.07,7/8/2019
7/9/2019 16:00:00,46.01,7/9/2019
7/10/2019 16:00:00,47.78,7/10/2019
7/11/2019 16:00:00,47.72,7/11/2019
7/12/2019 16:00:00,49.02,7/12/2019
7/15/2019 16:00:00,50.7,7/15/2019
7/16/2019 16:00:00,50.48,7/16/2019
7/17/2019 16:00:00,50.97,7/17/2019
7/18/2019 16:00:00,50.71,7/18/2019
7/19/2019 16:00:00,51.64,7/19/2019
7/22/2019 16:00:00,51.14,7/22/2019
7/23/2019 16:00:00,52.03,7/23/2019
7/24/2019 16:00:00,52.98,7/24/2019
7/25/2019 16:00:00,45.76,7/25/2019
7/26/2019 16:00:00,45.61,7/26/2019
7/29/2019 16:00:00,47.15,7/29/2019
7/30/2019 16:00:00,48.45,7/30/2019
7/31/2019 16:00:00,48.32,7/31/2019
8/1/2019 16:00:00,46.77,8/1/2019
8/2/2019 16:00:00,46.87,8/2/2019
8/5/2019 16:00:00,45.66,8/5/2019
8/6/2019 16:00:00,46.15,8/6/2019
8/7/2019 16:00:00,46.68,8/7/2019
8/8/2019 16:00:00,47.66,8/8/2019
8/9/2019 16:00:00,47,8/9/2019
8/12/2019 16:00:00,45.8,8/12/2019
8/13/2019 16:00:00,47,8/13/2019
8/14/2019 16:00:00,43.92,8/14/2019
8/15/2019 16:00:00,43.13,8/15/2019
8/16/2019 16:00:00,43.99,8/16/2019
8/19/2019 16:00:00,45.37,8/19/2019
8/20/2019 16:00:00,45.17,8/20/2019
8/21/2019 16:00:00,44.17,8/21/2019
8/22/2019 16:00:00,44.43,8/22/2019
8/23/2019 16:00:00,42.28,8/23/2019
8/26/2019 16:00:00,43,8/26/2019
8/27/2019 16:00:00,42.82,8/27/2019
8/28/2019 16:00:00,43.12,8/28/2019
8/29/2019 16:00:00,44.34,8/29/2019
8/30/2019 16:00:00,45.12,8/30/2019
9/3/2019 16:00:00,45,9/3/2019
9/4/2019 16:00:00,44.14,9/4/2019
9/5/2019 16:00:00,45.92,9/5/2019
9/6/2019 16:00:00,45.49,9/6/2019
9/9/2019 16:00:00,46.36,9/9/2019
9/10/2019 16:00:00,47.11,9/10/2019
9/11/2019 16:00:00,49.42,9/11/2019
9/12/2019 16:00:00,49.17,9/12/2019
9/13/2019 16:00:00,49.04,9/13/2019
9/16/2019 16:00:00,48.56,9/16/2019
9/17/2019 16:00:00,48.96,9/17/2019
9/18/2019 16:00:00,48.7,9/18/2019
9/19/2019 16:00:00,49.32,9/19/2019
9/20/2019 16:00:00,48.12,9/20/2019
9/23/2019 16:00:00,48.25,9/23/2019
9/24/2019 16:00:00,44.64,9/24/2019
9/25/2019 16:00:00,45.74,9/25/2019
9/26/2019 16:00:00,48.51,9/26/2019
9/27/2019 16:00:00,48.43,9/27/2019
9/30/2019 16:00:00,48.17,9/30/2019
10/1/2019 16:00:00,48.94,10/1/2019
10/2/2019 16:00:00,48.63,10/2/2019
10/3/2019 16:00:00,46.61,10/3/2019
10/4/2019 16:00:00,46.29,10/4/2019
10/7/2019 16:00:00,47.54,10/7/2019
10/8/2019 16:00:00,48.01,10/8/2019
10/9/2019 16:00:00,48.91,10/9/2019
10/10/2019 16:00:00,48.95,10/10/2019
10/11/2019 16:00:00,49.58,10/11/2019
10/14/2019 16:00:00,51.39,10/14/2019
10/15/2019 16:00:00,51.58,10/15/2019
10/16/2019 16:00:00,51.95,10/16/2019
10/17/2019 16:00:00,52.39,10/17/2019
10/18/2019 16:00:00,51.39,10/18/2019
10/21/2019 16:00:00,50.7,10/21/2019
10/22/2019 16:00:00,51.12,10/22/2019
10/23/2019 16:00:00,50.94,10/23/2019
10/24/2019 16:00:00,59.94,10/24/2019
10/25/2019 16:00:00,65.63,10/25/2019
10/28/2019 16:00:00,65.54,10/28/2019
10/29/2019 16:00:00,63.24,10/29/2019
10/30/2019 16:00:00,63,10/30/2019
10/31/2019 16:00:00,62.98,10/31/2019
11/1/2019 16:00:00,62.66,11/1/2019
11/4/2019 16:00:00,63.49,11/4/2019
11/5/2019 16:00:00,63.44,11/5/2019
11/6/2019 16:00:00,65.32,11/6/2019
11/7/2019 16:00:00,67.11,11/7/2019
11/8/2019 16:00:00,67.43,11/8/2019
11/11/2019 16:00:00,69.02,11/11/2019
11/12/2019 16:00:00,69.99,11/12/2019
11/13/2019 16:00:00,69.22,11/13/2019
11/14/2019 16:00:00,69.87,11/14/2019
11/15/2019 16:00:00,70.43,11/15/2019
11/18/2019 16:00:00,70,11/18/2019
11/19/2019 16:00:00,71.9,11/19/2019
11/20/2019 16:00:00,70.44,11/20/2019
11/21/2019 16:00:00,70.97,11/21/2019
11/22/2019 16:00:00,66.61,11/22/2019
11/25/2019 16:00:00,67.27,11/25/2019
11/26/2019 16:00:00,65.78,11/26/2019
11/27/2019 16:00:00,66.26,11/27/2019
11/29/2019 13:00:00,65.99,11/29/2019
12/2/2019 16:00:00,66.97,12/2/2019
12/3/2019 16:00:00,67.24,12/3/2019
12/4/2019 16:00:00,66.61,12/4/2019
12/5/2019 16:00:00,66.07,12/5/2019
12/6/2019 16:00:00,67.18,12/6/2019
12/9/2019 16:00:00,67.91,12/9/2019
12/10/2019 16:00:00,69.77,12/10/2019
12/11/2019 16:00:00,70.54,12/11/2019
12/12/2019 16:00:00,71.94,12/12/2019
12/13/2019 16:00:00,71.68,12/13/2019
12/16/2019 16:00:00,76.3,12/16/2019
12/17/2019 16:00:00,75.8,12/17/2019
12/18/2019 16:00:00,78.63,12/18/2019
12/19/2019 16:00:00,80.81,12/19/2019
12/20/2019 16:00:00,81.12,12/20/2019
12/23/2019 16:00:00,83.84,12/23/2019
12/24/2019 13:00:00,85.05,12/24/2019
12/26/2019 16:00:00,86.19,12/26/2019
12/27/2019 16:00:00,86.08,12/27/2019
12/30/2019 16:00:00,82.94,12/30/2019
12/31/2019 16:00:00,83.67,12/31/2019
1/2/2020 16:00:00,86.05,1/2/2020
1/3/2020 16:00:00,88.6,1/3/2020
1/6/2020 16:00:00,90.31,1/6/2020
1/7/2020 16:00:00,93.81,1/7/2020
1/8/2020 16:00:00,98.43,1/8/2020
1/9/2020 16:00:00,96.27,1/9/2020
1/10/2020 16:00:00,95.63,1/10/2020
1/13/2020 16:00:00,104.97,1/13/2020
1/14/2020 16:00:00,107.58,1/14/2020
1/15/2020 16:00:00,103.7,1/15/2020
1/16/2020 16:00:00,102.7,1/16/2020
1/17/2020 16:00:00,102.1,1/17/2020
1/21/2020 16:00:00,109.44,1/21/2020
1/22/2020 16:00:00,113.91,1/22/2020
1/23/2020 16:00:00,114.44,1/23/2020
1/24/2020 16:00:00,112.96,1/24/2020
1/27/2020 16:00:00,111.6,1/27/2020
1/28/2020 16:00:00,113.38,1/28/2020
1/29/2020 16:00:00,116.2,1/29/2020
1/30/2020 16:00:00,128.16,1/30/2020
1/31/2020 16:00:00,130.11,1/31/2020
2/3/2020 16:00:00,156,2/3/2020
2/4/2020 16:00:00,177.41,2/4/2020
2/5/2020 16:00:00,146.94,2/5/2020
2/6/2020 16:00:00,149.79,2/6/2020
2/7/2020 16:00:00,149.61,2/7/2020
2/10/2020 16:00:00,154.26,2/10/2020
2/11/2020 16:00:00,154.88,2/11/2020
2/12/2020 16:00:00,153.46,2/12/2020
2/13/2020 16:00:00,160.8,2/13/2020
2/14/2020 16:00:00,160.01,2/14/2020
2/18/2020 16:00:00,171.68,2/18/2020
2/19/2020 16:00:00,183.48,2/19/2020
2/20/2020 16:00:00,179.88,2/20/2020
2/21/2020 16:00:00,180.2,2/21/2020
2/24/2020 16:00:00,166.76,2/24/2020
2/25/2020 16:00:00,159.98,2/25/2020
2/26/2020 16:00:00,155.76,2/26/2020
2/27/2020 16:00:00,135.8,2/27/2020
2/28/2020 16:00:00,133.6,2/28/2020
3/2/2020 16:00:00,148.72,3/2/2020
3/3/2020 16:00:00,149.1,3/3/2020
3/4/2020 16:00:00,149.9,3/4/2020
3/5/2020 16:00:00,144.91,3/5/2020
3/6/2020 16:00:00,140.7,3/6/2020
3/9/2020 16:00:00,121.6,3/9/2020
3/10/2020 16:00:00,129.07,3/10/2020
3/11/2020 16:00:00,126.85,3/11/2020
3/12/2020 16:00:00,112.11,3/12/2020
3/13/2020 16:00:00,109.32,3/13/2020
3/16/2020 16:00:00,89.01,3/16/2020
3/17/2020 16:00:00,86.04,3/17/2020
3/18/2020 16:00:00,72.24,3/18/2020
3/19/2020 16:00:00,85.53,3/19/2020
3/20/2020 16:00:00,85.51,3/20/2020
3/23/2020 16:00:00,86.86,3/23/2020
3/24/2020 16:00:00,101,3/24/2020
3/25/2020 16:00:00,107.85,3/25/2020
3/26/2020 16:00:00,105.63,3/26/2020
3/27/2020 16:00:00,102.87,3/27/2020
3/30/2020 16:00:00,100.43,3/30/2020
3/31/2020 16:00:00,104.8,3/31/2020
4/1/2020 16:00:00,96.31,4/1/2020
4/2/2020 16:00:00,90.89,4/2/2020
4/3/2020 16:00:00,96,4/3/2020
4/6/2020 16:00:00,103.25,4/6/2020
4/7/2020 16:00:00,109.09,4/7/2020
4/8/2020 16:00:00,109.77,4/8/2020
4/9/2020 16:00:00,114.6,4/9/2020
4/13/2020 16:00:00,130.19,4/13/2020
4/14/2020 16:00:00,141.98,4/14/2020
4/15/2020 16:00:00,145.97,4/15/2020
4/16/2020 16:00:00,149.04,4/16/2020
4/17/2020 16:00:00,150.78,4/17/2020
4/20/2020 16:00:00,149.27,4/20/2020
4/21/2020 16:00:00,137.34,4/21/2020
4/22/2020 16:00:00,146.42,4/22/2020
4/23/2020 16:00:00,141.13,4/23/2020
4/24/2020 16:00:00,145.03,4/24/2020
4/27/2020 16:00:00,159.75,4/27/2020
4/28/2020 16:00:00,153.82,4/28/2020
4/29/2020 16:00:00,160.1,4/29/2020
4/30/2020 16:00:00,156.38,4/30/2020
5/1/2020 16:00:00,140.26,5/1/2020
5/4/2020 16:00:00,152.24,5/4/2020
5/5/2020 16:00:00,153.64,5/5/2020
5/6/2020 16:00:00,156.52,5/6/2020
5/7/2020 16:00:00,156.01,5/7/2020
5/8/2020 16:00:00,163.88,5/8/2020
5/11/2020 16:00:00,162.26,5/11/2020
5/12/2020 16:00:00,161.88,5/12/2020
5/13/2020 16:00:00,158.19,5/13/2020
5/14/2020 16:00:00,160.67,5/14/2020
5/15/2020 16:00:00,159.83,5/15/2020
5/18/2020 16:00:00,162.73,5/18/2020
5/19/2020 16:00:00,161.6,5/19/2020
5/20/2020 16:00:00,163.11,5/20/2020
5/21/2020 16:00:00,165.52,5/21/2020
5/22/2020 16:00:00,163.38,5/22/2020
5/26/2020 16:00:00,163.77,5/26/2020
5/27/2020 16:00:00,164.05,5/27/2020
5/28/2020 16:00:00,161.16,5/28/2020
5/29/2020 16:00:00,167,5/29/2020
6/1/2020 16:00:00,179.62,6/1/2020
6/2/2020 16:00:00,176.31,6/2/2020
6/3/2020 16:00:00,176.59,6/3/2020
6/4/2020 16:00:00,172.88,6/4/2020
6/5/2020 16:00:00,177.13,6/5/2020
6/8/2020 16:00:00,189.98,6/8/2020
6/9/2020 16:00:00,188.13,6/9/2020
6/10/2020 16:00:00,205.01,6/10/2020
6/11/2020 16:00:00,194.57,6/11/2020
6/12/2020 16:00:00,187.06,6/12/2020
6/15/2020 16:00:00,198.18,6/15/2020
6/16/2020 16:00:00,196.43,6/16/2020
6/17/2020 16:00:00,198.36,6/17/2020
6/18/2020 16:00:00,200.79,6/18/2020
6/19/2020 16:00:00,200.18,6/19/2020
6/22/2020 16:00:00,198.86,6/22/2020
6/23/2020 16:00:00,200.36,6/23/2020
6/24/2020 16:00:00,192.17,6/24/2020
6/25/2020 16:00:00,197.2,6/25/2020
6/26/2020 16:00:00,191.95,6/26/2020
6/29/2020 16:00:00,201.87,6/29/2020
6/30/2020 16:00:00,215.96,6/30/2020
7/1/2020 16:00:00,223.93,7/1/2020
7/2/2020 16:00:00,241.73,7/2/2020
7/6/2020 16:00:00,274.32,7/6/2020
7/7/2020 16:00:00,277.97,7/7/2020
7/8/2020 16:00:00,273.18,7/8/2020
7/9/2020 16:00:00,278.86,7/9/2020
7/10/2020 16:00:00,308.93,7/10/2020
7/13/2020 16:00:00,299.41,7/13/2020
7/14/2020 16:00:00,303.36,7/14/2020
7/15/2020 16:00:00,309.2,7/15/2020
7/16/2020 16:00:00,300.13,7/16/2020
7/17/2020 16:00:00,300.17,7/17/2020
7/20/2020 16:00:00,328.6,7/20/2020
7/21/2020 16:00:00,313.67,7/21/2020
7/22/2020 16:00:00,318.47,7/22/2020
7/23/2020 16:00:00,302.61,7/23/2020
7/24/2020 16:00:00,283.4,7/24/2020
7/27/2020 16:00:00,307.92,7/27/2020
7/28/2020 16:00:00,295.3,7/28/2020
7/29/2020 16:00:00,299.82,7/29/2020
7/30/2020 16:00:00,297.5,7/30/2020
7/31/2020 16:00:00,286.15,7/31/2020
8/3/2020 16:00:00,297,8/3/2020
8/4/2020 16:00:00,297.4,8/4/2020
8/5/2020 16:00:00,297,8/5/2020
8/6/2020 16:00:00,297.92,8/6/2020
8/7/2020 16:00:00,290.54,8/7/2020
8/10/2020 16:00:00,283.71,8/10/2020
8/11/2020 16:00:00,274.88,8/11/2020
8/12/2020 16:00:00,310.95,8/12/2020
8/13/2020 16:00:00,324.2,8/13/2020
8/14/2020 16:00:00,330.14,8/14/2020
8/17/2020 16:00:00,367.13,8/17/2020
8/18/2020 16:00:00,377.42,8/18/2020
8/19/2020 16:00:00,375.71,8/19/2020
8/20/2020 16:00:00,400.37,8/20/2020
8/21/2020 16:00:00,410,8/21/2020
8/24/2020 16:00:00,402.84,8/24/2020
8/25/2020 16:00:00,404.67,8/25/2020
8/26/2020 16:00:00,430.63,8/26/2020
8/27/2020 16:00:00,447.75,8/27/2020
8/28/2020 16:00:00,442.68,8/28/2020
8/31/2020 16:00:00,498.32,8/31/2020
9/1/2020 16:00:00,475.05,9/1/2020
9/2/2020 16:00:00,447.37,9/2/2020
9/3/2020 16:00:00,407,9/3/2020
9/4/2020 16:00:00,418.32,9/4/2020
9/8/2020 16:00:00,330.21,9/8/2020
9/9/2020 16:00:00,366.28,9/9/2020
9/10/2020 16:00:00,371.34,9/10/2020
9/11/2020 16:00:00,372.72,9/11/2020
9/14/2020 16:00:00,419.62,9/14/2020
9/15/2020 16:00:00,449.76,9/15/2020
9/16/2020 16:00:00,441.76,9/16/2020
9/17/2020 16:00:00,423.43,9/17/2020
9/18/2020 16:00:00,442.15,9/18/2020
9/21/2020 16:00:00,449.39,9/21/2020
9/22/2020 16:00:00,424.23,9/22/2020
9/23/2020 16:00:00,380.36,9/23/2020
9/24/2020 16:00:00,387.79,9/24/2020
9/25/2020 16:00:00,407.34,9/25/2020
9/28/2020 16:00:00,421.2,9/28/2020
9/29/2020 16:00:00,419.07,9/29/2020
9/30/2020 16:00:00,429.01,9/30/2020
10/1/2020 16:00:00,448.16,10/1/2020
10/2/2020 16:00:00,415.09,10/2/2020
10/5/2020 16:00:00,425.68,10/5/2020
10/6/2020 16:00:00,413.98,10/6/2020
10/7/2020 16:00:00,425.3,10/7/2020
10/8/2020 16:00:00,425.92,10/8/2020
10/9/2020 16:00:00,434,10/9/2020
10/12/2020 16:00:00,442.3,10/12/2020
10/13/2020 16:00:00,446.65,10/13/2020
10/14/2020 16:00:00,461.3,10/14/2020
10/15/2020 16:00:00,448.88,10/15/2020
10/16/2020 16:00:00,439.67,10/16/2020
10/19/2020 16:00:00,430.83,10/19/2020
10/20/2020 16:00:00,421.94,10/20/2020
10/21/2020 16:00:00,422.64,10/21/2020
10/22/2020 16:00:00,425.79,10/22/2020
10/23/2020 16:00:00,420.63,10/23/2020
10/26/2020 16:00:00,420.28,10/26/2020
10/27/2020 16:00:00,424.68,10/27/2020
10/28/2020 16:00:00,406.02,10/28/2020
10/29/2020 16:00:00,410.83,10/29/2020
10/30/2020 16:00:00,388.04,10/30/2020
11/2/2020 16:00:00,400.51,11/2/2020
11/3/2020 16:00:00,423.9,11/3/2020
11/4/2020 16:00:00,420.98,11/4/2020
11/5/2020 16:00:00,438.09,11/5/2020
11/6/2020 16:00:00,429.95,11/6/2020
11/9/2020 16:00:00,421.26,11/9/2020
11/10/2020 16:00:00,410.36,11/10/2020
11/11/2020 16:00:00,417.13,11/11/2020
11/12/2020 16:00:00,411.76,11/12/2020
11/13/2020 16:00:00,408.5,11/13/2020
11/16/2020 16:00:00,408.09,11/16/2020
11/17/2020 16:00:00,441.61,11/17/2020
11/18/2020 16:00:00,486.64,11/18/2020
11/19/2020 16:00:00,499.27,11/19/2020
11/20/2020 16:00:00,489.61,11/20/2020
11/23/2020 16:00:00,521.85,11/23/2020
11/24/2020 16:00:00,555.38,11/24/2020
11/25/2020 16:00:00,574,11/25/2020
11/27/2020 13:00:00,585.76,11/27/2020
11/30/2020 16:00:00,567.6,11/30/2020
12/1/2020 16:00:00,584.76,12/1/2020
12/2/2020 16:00:00,568.82,12/2/2020
12/3/2020 16:00:00,593.38,12/3/2020
12/4/2020 16:00:00,599.04,12/4/2020
12/7/2020 16:00:00,641.76,12/7/2020
12/8/2020 16:00:00,649.88,12/8/2020
12/9/2020 16:00:00,604.48,12/9/2020
12/10/2020 16:00:00,627.07,12/10/2020
12/11/2020 16:00:00,609.99,12/11/2020
12/14/2020 16:00:00,639.83,12/14/2020
12/15/2020 16:00:00,633.25,12/15/2020
12/16/2020 16:00:00,622.77,12/16/2020
12/17/2020 16:00:00,655.9,12/17/2020
12/18/2020 16:00:00,695,12/18/2020
12/21/2020 16:00:00,649.86,12/21/2020
12/22/2020 16:00:00,640.34,12/22/2020
12/23/2020 16:00:00,645.98,12/23/2020
12/24/2020 13:00:00,661.77,12/24/2020
12/28/2020 16:00:00,663.69,12/28/2020
12/29/2020 16:00:00,665.99,12/29/2020
12/30/2020 16:00:00,694.78,12/30/2020
12/31/2020 16:00:00,705.67,12/31/2020
1/4/2021 16:00:00,729.77,1/4/2021
1/5/2021 16:00:00,735.11,1/5/2021
1/6/2021 16:00:00,755.98,1/6/2021
1/7/2021 16:00:00,816.04,1/7/2021
1/8/2021 16:00:00,880.02,1/8/2021
1/11/2021 16:00:00,811.19,1/11/2021
1/12/2021 16:00:00,849.44,1/12/2021
1/13/2021 16:00:00,854.41,1/13/2021
1/14/2021 16:00:00,845,1/14/2021
1/15/2021 16:00:00,826.16,1/15/2021
1/19/2021 16:00:00,844.55,1/19/2021
1/20/2021 16:00:00,850.45,1/20/2021
1/21/2021 16:00:00,844.99,1/21/2021
1/22/2021 16:00:00,846.64,1/22/2021
1/25/2021 16:00:00,880.8,1/25/2021
1/26/2021 16:00:00,883.09,1/26/2021
1/27/2021 16:00:00,864.16,1/27/2021
1/28/2021 16:00:00,835.43,1/28/2021
1/29/2021 16:00:00,793.53,1/29/2021
2/1/2021 16:00:00,839.81,2/1/2021
2/2/2021 16:00:00,872.79,2/2/2021
2/3/2021 16:00:00,854.69,2/3/2021
2/4/2021 16:00:00,849.99,2/4/2021
2/5/2021 16:00:00,852.23,2/5/2021
2/8/2021 16:00:00,863.42,2/8/2021
2/9/2021 16:00:00,849.46,2/9/2021
2/10/2021 16:00:00,804.82,2/10/2021
2/11/2021 16:00:00,811.66,2/11/2021
2/12/2021 16:00:00,816.12,2/12/2021
2/16/2021 16:00:00,796.22,2/16/2021
2/17/2021 16:00:00,798.15,2/17/2021
2/18/2021 16:00:00,787.38,2/18/2021
2/19/2021 16:00:00,781.3,2/19/2021
2/22/2021 16:00:00,714.5,2/22/2021
2/23/2021 16:00:00,698.84,2/23/2021
2/24/2021 16:00:00,742.02,2/24/2021
2/25/2021 16:00:00,682.22,2/25/2021
2/26/2021 16:00:00,675.5,2/26/2021
3/1/2021 16:00:00,718.43,3/1/2021
3/2/2021 16:00:00,686.44,3/2/2021
3/3/2021 16:00:00,653.2,3/3/2021
3/4/2021 16:00:00,621.44,3/4/2021
3/5/2021 16:00:00,597.95,3/5/2021
3/8/2021 16:00:00,563,3/8/2021
3/9/2021 16:00:00,673.58,3/9/2021
3/10/2021 16:00:00,668.06,3/10/2021
3/11/2021 16:00:00,699.6,3/11/2021
3/12/2021 16:00:00,693.73,3/12/2021
3/15/2021 16:00:00,707.94,3/15/2021
3/16/2021 16:00:00,676.88,3/16/2021
3/17/2021 16:00:00,701.81,3/17/2021
3/18/2021 16:00:00,653.16,3/18/2021
3/19/2021 16:00:00,654.87,3/19/2021
3/22/2021 16:00:00,670,3/22/2021
3/23/2021 16:00:00,662.16,3/23/2021
3/24/2021 16:00:00,630.27,3/24/2021
3/25/2021 16:00:00,640.39,3/25/2021
3/26/2021 16:00:00,618.71,3/26/2021
3/29/2021 16:00:00,611.29,3/29/2021
3/30/2021 16:00:00,635.62,3/30/2021
3/31/2021 16:00:00,667.93,3/31/2021
4/1/2021 16:00:00,661.75,4/1/2021
4/5/2021 16:00:00,691.05,4/5/2021
4/6/2021 16:00:00,691.62,4/6/2021
4/7/2021 16:00:00,670.97,4/7/2021
4/8/2021 16:00:00,683.8,4/8/2021
4/9/2021 16:00:00,677.02,4/9/2021
4/12/2021 16:00:00,701.98,4/12/2021
4/13/2021 16:00:00,762.32,4/13/2021
4/14/2021 16:00:00,732.23,4/14/2021
4/15/2021 16:00:00,738.85,4/15/2021
4/16/2021 16:00:00,739.78,4/16/2021
4/19/2021 16:00:00,714.63,4/19/2021
4/20/2021 16:00:00,718.99,4/20/2021
4/21/2021 16:00:00,744.12,4/21/2021
4/22/2021 16:00:00,719.69,4/22/2021
4/23/2021 16:00:00,729.4,4/23/2021
4/26/2021 16:00:00,738.2,4/26/2021
4/27/2021 16:00:00,704.74,4/27/2021
4/28/2021 16:00:00,694.4,4/28/2021
4/29/2021 16:00:00,677,4/29/2021
4/30/2021 16:00:00,709.44,4/30/2021
5/3/2021 16:00:00,684.9,5/3/2021
5/4/2021 16:00:00,673.6,5/4/2021
5/5/2021 16:00:00,670.94,5/5/2021
5/6/2021 16:00:00,663.54,5/6/2021
5/7/2021 16:00:00,672.37,5/7/2021
5/10/2021 16:00:00,629.04,5/10/2021
5/11/2021 16:00:00,617.2,5/11/2021
5/12/2021 16:00:00,589.89,5/12/2021
5/13/2021 16:00:00,571.69,5/13/2021
5/14/2021 16:00:00,589.74,5/14/2021
5/17/2021 16:00:00,576.83,5/17/2021
5/18/2021 16:00:00,577.87,5/18/2021
5/19/2021 16:00:00,563.46,5/19/2021
5/20/2021 16:00:00,586.78,5/20/2021
5/21/2021 16:00:00,580.88,5/21/2021
5/24/2021 16:00:00,606.44,5/24/2021
5/25/2021 16:00:00,604.69,5/25/2021
5/26/2021 16:00:00,619.13,5/26/2021
5/27/2021 16:00:00,630.85,5/27/2021
5/28/2021 16:00:00,625.22,5/28/2021
6/1/2021 16:00:00,623.9,6/1/2021
6/2/2021 16:00:00,605.12,6/2/2021
6/3/2021 16:00:00,572.84,6/3/2021
6/4/2021 16:00:00,599.05,6/4/2021
6/7/2021 16:00:00,605.13,6/7/2021
6/8/2021 16:00:00,603.59,6/8/2021
6/9/2021 16:00:00,598.78,6/9/2021
6/10/2021 16:00:00,610.12,6/10/2021
6/11/2021 16:00:00,609.89,6/11/2021
6/14/2021 16:00:00,617.69,6/14/2021
6/15/2021 16:00:00,599.36,6/15/2021
6/16/2021 16:00:00,604.87,6/16/2021
6/17/2021 16:00:00,616.6,6/17/2021
6/18/2021 16:00:00,623.31,6/18/2021
6/21/2021 16:00:00,620.83,6/21/2021
6/22/2021 16:00:00,623.71,6/22/2021
6/23/2021 16:00:00,656.57,6/23/2021
6/24/2021 16:00:00,679.82,6/24/2021
6/25/2021 16:00:00,671.87,6/25/2021
6/28/2021 16:00:00,688.72,6/28/2021
6/29/2021 16:00:00,680.76,6/29/2021
6/30/2021 16:00:00,679.7,6/30/2021
7/1/2021 16:00:00,677.92,7/1/2021
7/2/2021 16:00:00,678.9,7/2/2021
7/6/2021 16:00:00,659.58,7/6/2021
7/7/2021 16:00:00,644.65,7/7/2021
7/8/2021 16:00:00,652.81,7/8/2021
7/9/2021 16:00:00,656.95,7/9/2021
7/12/2021 16:00:00,685.7,7/12/2021
7/13/2021 16:00:00,668.54,7/13/2021
7/14/2021 16:00:00,653.38,7/14/2021
7/15/2021 16:00:00,650.6,7/15/2021
7/16/2021 16:00:00,644.22,7/16/2021
7/19/2021 16:00:00,646.22,7/19/2021
7/20/2021 16:00:00,660.5,7/20/2021
7/21/2021 16:00:00,655.29,7/21/2021
7/22/2021 16:00:00,649.26,7/22/2021
7/23/2021 16:00:00,643.38,7/23/2021
7/26/2021 16:00:00,657.62,7/26/2021
7/27/2021 16:00:00,644.78,7/27/2021
7/28/2021 16:00:00,646.98,7/28/2021
7/29/2021 16:00:00,677.35,7/29/2021
7/30/2021 16:00:00,687.2,7/30/2021
8/2/2021 16:00:00,709.67,8/2/2021
8/3/2021 16:00:00,709.74,8/3/2021
8/4/2021 16:00:00,710.92,8/4/2021
8/5/2021 16:00:00,714.63,8/5/2021
8/6/2021 16:00:00,699.1,8/6/2021
8/9/2021 16:00:00,713.76,8/9/2021
8/10/2021 16:00:00,709.99,8/10/2021
8/11/2021 16:00:00,707.82,8/11/2021
8/12/2021 16:00:00,722.25,8/12/2021
8/13/2021 16:00:00,717.17,8/13/2021
8/16/2021 16:00:00,686.17,8/16/2021
8/17/2021 16:00:00,665.71,8/17/2021
8/18/2021 16:00:00,688.99,8/18/2021
8/19/2021 16:00:00,673.47,8/19/2021
8/20/2021 16:00:00,680.26,8/20/2021
8/23/2021 16:00:00,706.3,8/23/2021
8/24/2021 16:00:00,708.49,8/24/2021
8/25/2021 16:00:00,711.2,8/25/2021
8/26/2021 16:00:00,701.16,8/26/2021
8/27/2021 16:00:00,711.92,8/27/2021
8/30/2021 16:00:00,730.91,8/30/2021
8/31/2021 16:00:00,735.72,8/31/2021
9/1/2021 16:00:00,734.09,9/1/2021
9/2/2021 16:00:00,732.39,9/2/2021
9/3/2021 16:00:00,733.57,9/3/2021
9/7/2021 16:00:00,752.92,9/7/2021
9/8/2021 16:00:00,753.87,9/8/2021
9/9/2021 16:00:00,754.86,9/9/2021
9/10/2021 16:00:00,736.27,9/10/2021
9/13/2021 16:00:00,743,9/13/2021
9/14/2021 16:00:00,744.49,9/14/2021
9/15/2021 16:00:00,755.83,9/15/2021
9/16/2021 16:00:00,756.99,9/16/2021
9/17/2021 16:00:00,759.49,9/17/2021
9/20/2021 16:00:00,730.17,9/20/2021
9/21/2021 16:00:00,739.38,9/21/2021
9/22/2021 16:00:00,751.94,9/22/2021
9/23/2021 16:00:00,753.64,9/23/2021
9/24/2021 16:00:00,774.39,9/24/2021
9/27/2021 16:00:00,791.36,9/27/2021
9/28/2021 16:00:00,777.56,9/28/2021
9/29/2021 16:00:00,781.31,9/29/2021
9/30/2021 16:00:00,775.48,9/30/2021
10/1/2021 16:00:00,775.22,10/1/2021
10/4/2021 16:00:00,781.53,10/4/2021
10/5/2021 16:00:00,780.59,10/5/2021
10/6/2021 16:00:00,782.75,10/6/2021
10/7/2021 16:00:00,793.61,10/7/2021
10/8/2021 16:00:00,785.49,10/8/2021
10/11/2021 16:00:00,791.94,10/11/2021
10/12/2021 16:00:00,805.72,10/12/2021
10/13/2021 16:00:00,811.08,10/13/2021
10/14/2021 16:00:00,818.32,10/14/2021
10/15/2021 16:00:00,843.03,10/15/2021
10/18/2021 16:00:00,870.11,10/18/2021
10/19/2021 16:00:00,864.27,10/19/2021
10/20/2021 16:00:00,865.8,10/20/2021
10/21/2021 16:00:00,894,10/21/2021
10/22/2021 16:00:00,909.68,10/22/2021
10/25/2021 16:00:00,1024.86,10/25/2021
10/26/2021 16:00:00,1018.43,10/26/2021
10/27/2021 16:00:00,1037.86,10/27/2021
10/28/2021 16:00:00,1077.04,10/28/2021
10/29/2021 16:00:00,1114,10/29/2021
11/1/2021 16:00:00,1208.59,11/1/2021
11/2/2021 16:00:00,1172,11/2/2021
11/3/2021 16:00:00,1213.86,11/3/2021
11/4/2021 16:00:00,1229.91,11/4/2021
11/5/2021 16:00:00,1222.09,11/5/2021
11/8/2021 16:00:00,1162.94,11/8/2021
11/9/2021 16:00:00,1023.5,11/9/2021
11/10/2021 16:00:00,1067.95,11/10/2021
11/11/2021 16:00:00,1063.51,11/11/2021
11/12/2021 16:00:00,1033.42,11/12/2021
11/15/2021 16:00:00,1013.39,11/15/2021
11/16/2021 16:00:00,1054.73,11/16/2021
11/17/2021 16:00:00,1089.01,11/17/2021
11/18/2021 16:00:00,1096.38,11/18/2021
11/19/2021 16:00:00,1137.06,11/19/2021
11/22/2021 16:00:00,1156.87,11/22/2021
11/23/2021 16:00:00,1109.03,11/23/2021
11/24/2021 16:00:00,1116,11/24/2021
11/26/2021 13:00:00,1081.92,11/26/2021
11/29/2021 16:00:00,1136.99,11/29/2021
11/30/2021 16:00:00,1144.76,11/30/2021
12/1/2021 16:00:00,1095,12/1/2021
12/2/2021 16:00:00,1084.6,12/2/2021
12/3/2021 16:00:00,1014.97,12/3/2021
12/6/2021 16:00:00,1009.01,12/6/2021
12/7/2021 16:00:00,1051.75,12/7/2021
12/8/2021 16:00:00,1068.96,12/8/2021
12/9/2021 16:00:00,1003.8,12/9/2021
12/10/2021 16:00:00,1017.03,12/10/2021
12/13/2021 16:00:00,966.41,12/13/2021
12/14/2021 16:00:00,958.51,12/14/2021
12/15/2021 16:00:00,975.99,12/15/2021
12/16/2021 16:00:00,926.92,12/16/2021
12/17/2021 16:00:00,932.57,12/17/2021
12/20/2021 16:00:00,899.94,12/20/2021
12/21/2021 16:00:00,938.53,12/21/2021
12/22/2021 16:00:00,1008.87,12/22/2021
12/23/2021 16:00:00,1067,12/23/2021
12/27/2021 16:00:00,1093.94,12/27/2021
12/28/2021 16:00:00,1088.47,12/28/2021
12/29/2021 16:00:00,1086.19,12/29/2021
12/30/2021 16:00:00,1070.34,12/30/2021
12/31/2021 16:00:00,1056.78,12/31/2021
1/3/2022 16:00:00,1199.78,1/3/2022
1/4/2022 16:00:00,1149.59,1/4/2022
1/5/2022 16:00:00,1088.12,1/5/2022
1/6/2022 16:00:00,1064.7,1/6/2022
1/7/2022 16:00:00,1026.96,1/7/2022
1/10/2022 16:00:00,1058.12,1/10/2022
1/11/2022 16:00:00,1064.4,1/11/2022
1/12/2022 16:00:00,1106.22,1/12/2022
1/13/2022 16:00:00,1031.56,1/13/2022
1/14/2022 16:00:00,1049.61,1/14/2022
1/18/2022 16:00:00,1030.51,1/18/2022
1/19/2022 16:00:00,995.65,1/19/2022
1/20/2022 16:00:00,996.27,1/20/2022
1/21/2022 16:00:00,943.9,1/21/2022
1/24/2022 16:00:00,930,1/24/2022
1/25/2022 16:00:00,918.4,1/25/2022
1/26/2022 16:00:00,937.41,1/26/2022
1/27/2022 16:00:00,829.1,1/27/2022
1/28/2022 16:00:00,846.35,1/28/2022